page_id,degree_centrality,eigenvector_centrality,unweighted_eigenvector_centrality,closeness_centrality
15704546335,0.0846712271394667,0.6274949689472734,0.6832407683898685,0.35593031580622064
205344452828349,0.05342268137186468,0.001667235306781218,0.053559063586655596,0.348050654967485
346937065399354,0.044325003490157756,0.0066542649264187785,0.04321822458349975,0.33700384122919336
199098633470668,0.042161105681976827,0.0029510443668137654,0.024619660626504457,0.33954589606605146
18468761129,0.0411373260738052,0.002078963544179923,0.039823052831034135,0.33851321702552617
5550296508,0.03534366420028852,0.00788308140501099,0.048186964067579566,0.34507118288525906
339226922847416,0.03422681371864675,0.05541705792753016,0.19590224536205703,0.33188938998338474
5281959998,0.029433663734934154,0.0010580678660965252,0.02548328604046831,0.3269421874086631
24085780715,0.028642561310437898,0.0002772671054919237,0.01767375435190997,0.3159842375107696
184859785026060,0.028363348690027455,0.08656274646545126,0.18055333966996884,0.3264984457319654
226821494115353,0.02787472660430918,0.5696501935634913,0.19099735658811512,0.31437243550109606
21785951839,0.027642049420633814,0.005876388332644534,0.0088138050548896,0.3149965504132464
354522044588660,0.026571734375727116,0.0012224383217495523,0.0227253219190541,0.33588565594691167
21898300328,0.02317464749406673,0.0009001052637492284,0.01588928112638662,0.33274831186602016
179035672287016,0.02273256084508353,0.04945089169805553,0.15001193451683967,0.31114572612722874
38423635680,0.022709293126715994,0.00043791442196768683,0.014985082470788667,0.3100074827481085
341163402640457,0.022709293126715994,0.0015568266195141141,0.018945556126815564,0.3364564691020107
114517875225866,0.02259295453487831,0.0011346451455296503,0.017139028412121317,0.3309565371756561
95475020353,0.022243938759365256,0.23565030452100302,0.1758583096171947,0.3206857503261041
86680728811,0.021732048955279446,0.010838953630583627,0.04336615228668249,0.341385256283094
142474049098533,0.02154590720833915,0.0006631900351404959,0.01664755053544757,0.31929438965561535
10643211755,0.0210107496858858,0.0011729924529574787,0.01795331638592044,0.3269995322731525
182919686769,0.0210107496858858,0.09706611638167675,0.17288475609684437,0.3322492017524319
177486166274,0.02073153706547536,0.000877694999918581,0.01732482587968169,0.31237084613236527
131201286936061,0.020685001628740287,0.029317188065380306,0.10582824226094434,0.3114489364071723
228702593913193,0.020405789008329844,0.26802186573390635,0.1558406819498206,0.30911226252158897
610045389164725,0.02035925357159477,0.003481921236424614,0.0187124860679267,0.3239361162996105
6250307292,0.019731025175671275,0.0014771549277145986,0.019160094902397357,0.3298245614035088
20950654496,0.019288938526688074,0.0006850056141935597,0.009825969207525714,0.32482975912186196
112723252096438,0.018753781004234724,0.13138905359244044,0.16150196748323298,0.3128951048951049
69813760388,0.01789287542463586,0.06108784441313765,0.12981774514532887,0.31193095467157456
979613892126968,0.016752757224626554,0.0021771623377764633,0.01564260628553344,0.3267607279525604
519305544814653,0.016659686351156406,0.08510997396804507,0.09969233189225381,0.31251047661619263
15139936162,0.016589883196053794,0.06957725759859672,0.11058778070080673,0.3232153950619068
158671177481084,0.015496300432779561,0.030548547251013105,0.08754460894353996,0.30470431205905585
157750900979288,0.01535669412257434,0.00023360306529512782,0.008079548254005486,0.30927036965357074
12566691349,0.014937875191958676,0.004606027521323908,0.022992944829877973,0.3320174527321837
423006854503882,0.014658662571548233,0.04345319874206462,0.05760892456162324,0.3168389746494831
9258148868,0.014263111359300107,0.00020260469179594564,0.00863913615160096,0.30603395209498924
407570359384477,0.014100237330727348,0.0004609333239485433,0.009986432493996694,0.3277708592777086
389658314427637,0.013239331751128484,0.06629429431329838,0.10637582577589125,0.3077261660774955
111938618893743,0.012029410396016566,0.05393090960078533,0.08442018517491268,0.30615121450564486
799539910084929,0.011820000930708735,0.00027373201569621787,0.006346673208039711,0.2947562582345191
440106476051475,0.011703662338871051,0.05719745989217536,0.10230084215715368,0.2982893561419181
475549362567960,0.011703662338871051,0.03269765712863454,0.08932470534959254,0.31176142697881826
513813158657249,0.011680394620503513,0.06731615947014284,0.07296274576205346,0.29946323637677863
721683147909323,0.011540788310298292,0.04711130924082054,0.07530381807103179,0.3086048500565564
107705785934333,0.011494252873563218,0.10724921369779843,0.10199915462577958,0.3103945834951995
997108126967413,0.011494252873563218,0.004059595486365699,0.019420389895479295,0.33130942155614135
868219436604578,0.011168504816417702,0.00936798340843211,0.043170500009982966,0.2993830877728264
295199098300,0.011075433942947554,0.0017529556444260165,0.008895615008480887,0.32536831542052674
59306617060,0.011052166224580018,0.0035733885089989877,0.0199898952356132,0.331978038284612
155869377766434,0.010889292196007259,0.0033234458448044204,0.016977061306430632,0.3340301003344482
238680483163972,0.010866024477639723,0.04641999292571532,0.08463191356285192,0.29099895941727366
43179984254,0.010842756759272185,0.0008675342556171301,0.011120178390861928,0.3086048500565564
169676909894983,0.01081948904090465,0.02349846383884804,0.04239614215111959,0.2977335941762819
164305410295882,0.01065661501233189,0.006685092276727777,0.01657802055876834,0.3330802328524424
307188559330028,0.01058681185722928,0.03175481197698413,0.04389240655941814,0.2987434401164421
235203259169,0.010493740983759133,0.04236307266752176,0.08434623597627436,0.3031641710142964
20446254070,0.010330866955186374,0.0011118068174265888,0.007796342369642439,0.31778409090909093
7331091005,0.010261063800083764,0.0022181584663886335,0.007819754932220912,0.3139312977099237
591402597574018,0.010237796081716226,0.038780459542461135,0.0808280054015576,0.3134430823117338
7976226799,0.010191260644981152,0.0002574426981336978,0.006985197813735707,0.3053697687750812
18807449704,0.010121457489878543,0.0008108664619431273,0.009194308056749716,0.3254203758654797
142125212473533,0.010121457489878543,0.037413037262155224,0.07622879125279311,0.2925400457665904
25987609066,0.009935315742938247,0.0005714612013507491,0.009590255333814074,0.2952230139878596
166618413413767,0.009563032249057657,0.026125516624617064,0.07448055120039496,0.3074470570450891
114270361928171,0.009376890502117362,0.0014325890108423597,0.010302217689382474,0.31324997549671657
570092813023833,0.00909767788170692,0.0019430440066904868,0.013180309998588628,0.3142178963187685
39795225543,0.009051142444971846,0.004001364538976815,0.00845952523672388,0.3258659364348763
216709768355686,0.00902787472660431,0.017539427402954423,0.06070409548177801,0.29305353610772716
292351509697,0.009004607008236772,0.04183677761491185,0.049494588448334445,0.29643174199361344
133352176797969,0.009004607008236772,0.03748720758232157,0.056649879096390784,0.3012090368096508
56845382910,0.008888268416399088,0.0008434385840241326,0.009707327340385692,0.3177479831837291
136264019722601,0.008818465261296477,0.03120288006221098,0.06547416417922118,0.29048509400644024
228735667216,0.00872539438782633,0.0019336768574052087,0.009524758602679687,0.3275597007276827
221573484697614,0.008562520359253572,0.03499700620554397,0.06689063041388058,0.29991688339544736
123624513983,0.008260040020475591,0.04792877156691716,0.07239905780013713,0.30831989636306006
158924294183807,0.008166969147005444,0.04815982569176587,0.05759212234210267,0.2864569328672582
451075468389015,0.00812043371027037,0.044572018493435915,0.04681159069194016,0.2972904734694962
1425604894326440,0.008097165991902834,0.002012064717934931,0.008596465111574372,0.3257330887277598
114288853688,0.00805063055516776,0.004287161740429149,0.01464956698683198,0.32794382796581595
38342932750,0.007980827400065149,0.0014270442203239662,0.01280608958828125,0.31259780907668233
7292655492,0.007934291963330077,0.0004133936810382057,0.007016806332845219,0.3158236514815704
195530355493,0.00784122108985993,0.033238087764076704,0.050914846176331935,0.28727720992346806
311190048935167,0.007701614779654707,0.08198223900632462,0.08386725143946398,0.2999209041062834
271042954725,0.0075852761878170225,0.04596511539245934,0.06171064882964353,0.2992909698996655
34226391050,0.007538740751081949,0.014681756390497333,0.0369730409359736,0.31786536330311727
304981108326,0.007515473032714412,0.0003745093710119907,0.006302567688505468,0.30532392559332905
37763684202,0.007468937595979338,0.00037520604673947075,0.007389876447210152,0.3065623415596695
532854420074062,0.007352599004141654,0.013284608843853504,0.045348662021494,0.3163908923773158
8719774366,0.007329331285774117,0.00028914790443065387,0.0036863206084806915,0.3046545197047689
114528955231791,0.00730606356740658,0.00025617778229447216,0.006502919809053783,0.2958946143265263
189885532970,0.007282795849039043,0.020055755196664075,0.058220195275301714,0.2989749963249542
22561081832,0.007236260412303969,0.015284393891383901,0.03629512071691674,0.29432969346138665
169204449790211,0.007212992693936432,0.03959527918421533,0.06599334677356396,0.2959494139746541
253968658003230,0.007212992693936432,0.002289196360157216,0.004113830471921283,0.2995033267734983
13312631635,0.007189724975568895,0.0009500206214369094,0.005106714286403449,0.3125934412944152
153213781413350,0.007119921820466285,0.0002515432119495107,0.005535456776858607,0.29612177365982795
18793419640,0.007073386383731211,0.0013310988603385285,0.009544653109610246,0.323790777780994
253546571389025,0.006910512355158454,0.0018166715633391253,0.008562010470749481,0.30149318096059513
174742062548592,0.006840709200055843,0.00021467368420012646,0.005609634388582566,0.31209195915406507
513600888679373,0.006770906044953232,0.03357992592705336,0.05225716980002864,0.28650829224562974
217940775059524,0.0067243706082181585,0.010933023656057984,0.02775014280823219,0.3047624237140366
29259828486,0.006701102889850622,0.0002033663450091948,0.0055158060650687445,0.2937731438926386
6363207806,0.0065614965796454,0.0003946741390169491,0.003374334909920152,0.307282366837898
618786471475708,0.0065149611429103265,0.00021506170534259266,0.004934208017643837,0.3125541367459275
124016042296,0.006282283959234958,0.004730608504604115,0.02523649270054421,0.2891859052247874
114364638621903,0.006212480804132347,0.01086393978391412,0.03787811489368884,0.29215038458022646
7642602143,0.006119409930662199,0.00019422805141733972,0.005778493413711958,0.28608329816754263
10513336322,0.006026339057192052,0.0007422310482138295,0.0043839152138907935,0.3072908081973518
108038612554992,0.005979803620456978,0.0014482496294793126,0.006245458655379396,0.2912527827320896
146422995398181,0.005956535902089441,0.0012183619146876386,0.008613080676139681,0.32109538708844043
160389977329803,0.005956535902089441,0.0003747535549632267,0.0054246800276015125,0.3153428712382832
10664530778,0.005910000465354367,0.0001799297072543851,0.004482527171614266,0.3080227451088378
86973707921,0.0058867327469868305,0.000289654127509734,0.003980620127552916,0.3096984966361195
7533944086,0.0058634650286192936,0.008832253313237505,0.011873450591507174,0.3234443673374971
8358247707,0.0058634650286192936,0.0003853191264993486,0.003921953009049805,0.31276387529707816
38245492451,0.0058634650286192936,0.0016788752918687313,0.0077467543502882765,0.32246998284734135
131929868907,0.00581692959188422,0.0014815207883598777,0.005479930472598361,0.31733333333333336
122560544447547,0.005793661873516683,0.0007060376890121544,0.005584417435762445,0.3201213404687634
52150999700,0.005723858718414072,0.00044006134421822245,0.005046340159327526,0.30982716596499005
7382473689,0.005700591000046535,0.0003597806760447219,0.0040098056472750295,0.305307258757864
10606591490,0.005700591000046535,0.0008247489884169474,0.006648648592991653,0.31814109583197053
325935647511804,0.0056540555633114616,0.04608748914731175,0.044543588786546864,0.28261748357756444
95926963131,0.005584252408208851,0.0037142137052588193,0.008965508298717758,0.32118758434547906
338028696036,0.005584252408208851,0.0013968151228439844,0.010350114088149762,0.3262223129529448
5863113009,0.005421378379636093,0.0006407408830748814,0.0054576945726346774,0.31103325547769994
68771922854,0.005421378379636093,0.0004439167209621605,0.0026866412564922823,0.297496043935586
62317591679,0.005374842942901019,0.0012582696740716462,0.009467119383419138,0.3226467067595437
156720204453023,0.005374842942901019,0.0005344996814586569,0.00439766324859949,0.3200434888345278
208421665712,0.005351575224533482,0.004988592375030114,0.010587054321600007,0.32304737700893826
408250066356,0.005328307506165945,0.013614192200560519,0.03989893937350728,0.2898453087347446
20324257234,0.005281772069430871,0.00026519159039959273,0.005473056420213537,0.29602381739993383
289079127883350,0.005281772069430871,0.01868308389354044,0.04845014749316952,0.2943761677938893
15779440092,0.0052585043510633344,0.03403076371534719,0.04356977531584934,0.2998204186657375
159207208524,0.005211968914328261,0.002897222431100819,0.01374550762260962,0.3205249434081206
22156858944,0.005188701195960724,0.002081558021002142,0.005188408290141572,0.3159529996610552
196087640574,0.005188701195960724,0.05837092640384208,0.054623086673093145,0.28835842441740567
236963176319804,0.005165433477593187,0.0003518297930621178,0.002803379616524591,0.2990309429927154
21124264380,0.005095630322490576,0.00020575843752494998,0.0016659848658640408,0.28829896907216496
12795435237,0.005072362604123039,0.017887308425337707,0.0368692444858884,0.3029917250159134
43279570822,0.005072362604123039,0.023706005132409738,0.016636313776852808,0.31151832460732987
62507427296,0.004979291730652892,6.734096414950037e-05,0.003224757640292315,0.29665185970960684
18356341358,0.004956024012285356,0.0064572573324149386,0.012364713603026357,0.31546737735662816
147772245840,0.004956024012285356,0.025984461125576123,0.03577151652395057,0.2847650929827018
72924719987,0.004932756293917819,0.0003414188120684324,0.004729309211643851,0.309001256888717
219856014723410,0.004886220857182745,0.0003180434920948882,0.003997516081182084,0.30443065534509034
180213475460766,0.004723346828609987,0.001083205174492999,0.0061062513504191365,0.2938310195826055
33618597905,0.004676811391874913,0.03326094517729123,0.030732145333380256,0.28194787518273934
36019593759,0.004676811391874913,0.011419909848246458,0.03353650129416666,0.27889002468273955
232843448409,0.004676811391874913,9.816888487951913e-05,0.003560271817322533,0.29186453060585504
295732903793433,0.0045837405184047655,0.0008659202131968931,0.0039568568033916144,0.2901196944743428
165583971161,0.004513937363302155,0.0003054611223931274,0.003129303161989049,0.3066463807448223
140738092630206,0.004513937363302155,0.01476225929613252,0.027850806235455515,0.280981148189548
142026122544366,0.004513937363302155,0.019690068898977186,0.023600582619283272,0.27578215527230593
5978057725,0.004490669644934618,0.0008327528886373307,0.005253628447817471,0.3032586889334707
10018702564,0.004490669644934618,0.00039982951195166735,0.0035426247074235003,0.2984525080042689
13652355666,0.004490669644934618,0.003721741924731615,0.012570967441532223,0.3295913256136009
442430012490396,0.004467401926567081,0.0071145202017175516,0.018163576461992233,0.3197141836370132
129255907131113,0.00439759877146447,0.009852988957919893,0.033019046510484436,0.2787579744816587
286683382423,0.0043743310530969335,0.0007572417891824064,0.0042613346948652065,0.3102568369667721
17414523278,0.004351063334729397,0.00011018472945517316,0.0024849186233204573,0.2892457269929925
6013004059,0.00432779561636186,0.00023684949549211256,0.003060871264238884,0.3006625542609093
49867377595,0.004281260179626786,0.011158585925882787,0.029571287829260873,0.28094233473980307
150354326163,0.004281260179626786,0.006782927279693347,0.01973284922604505,0.2872624550590652
31732483895,0.004211457024524175,0.0008706108838588976,0.004806007968424015,0.3105712500867634
467133963318685,0.004141653869421565,0.02422173837268658,0.03845545853326972,0.28437778060251684
131459315949,0.004118386151054028,0.001636653221495835,0.008414538394242433,0.32098482022439667
158352134203230,0.004118386151054028,0.00039090443435522786,0.002450533385504006,0.2992269213278763
16307558831,0.004095118432686491,0.009684739564155916,0.027403328615458362,0.2768023953577571
127559550648374,0.004095118432686491,0.0005501628387803947,0.0041985977754246786,0.3152584408996111
93228695778,0.004071850714318954,0.011326933343021123,0.02897494798332116,0.2683652415910945
172530812092,0.004071850714318954,0.002607692995756828,0.009133511903760978,0.29964774112321024
273864989376427,0.004071850714318954,0.0024547147918874863,0.00607416839608588,0.3073414660951753
89033370735,0.004048582995951417,0.002670432683058554,0.004393018425681239,0.3070040619167856
150799104953073,0.00402531527758388,0.034961715618441684,0.029600949372641638,0.3005131236063724
190759221080032,0.004002047559216343,0.0005599718725188271,0.0036723892580065184,0.31051090230259965
210732882417014,0.004002047559216343,0.008282947154676588,0.02698805442477672,0.2798178907344407
134486075205,0.003885708967378659,0.005003406319524463,0.012777408691114793,0.32149221130079897
92925746942,0.003862441249011122,0.02107843252279293,0.035453260747695295,0.2801507695004821
398926776798256,0.003862441249011122,6.875089974240019e-05,0.002174099223147246,0.2936844454362865
7040724713,0.003839173530643585,0.0006368087086119791,0.004147357450169295,0.3103256949453476
211482380627,0.003839173530643585,0.0012596885456811122,0.005361588513378419,0.3104333467467773
353026650079,0.003815905812276048,4.183239517616688e-05,0.0017960999251591442,0.2866698273984188
49651563727,0.0037693703755409744,0.005851527902359297,0.02275979369096158,0.2862663305651879
116548701336,0.0037461026571734375,0.00047107299618128043,0.003939045049392807,0.3172433352240499
201956993160690,0.0037461026571734375,0.012774612448322448,0.03218304972328277,0.28897299112620933
39442131319,0.0037228349388059006,0.004444517992389035,0.00884313262578313,0.31350457532826054
61308923432,0.0037228349388059006,0.0002422499366514533,0.003600791819494243,0.2830680466634613
235852889908002,0.0037228349388059006,0.0005457914155114047,0.0037053895099729084,0.30559501693803953
42324160403,0.0036995672204383637,0.00021248606154477268,0.0018395715515537629,0.295843747107285
193266897438,0.003629764065335753,0.01303260447696201,0.02300430970722674,0.2816816287473402
811531288908785,0.003629764065335753,0.013793026893928478,0.02713362113515517,0.27068688066401286
152308008195941,0.003606496346968216,0.0008925136396332849,0.004387455601006245,0.3042526281432321
109200595768753,0.0035599609102331424,3.572303609696362e-05,0.002324088335384518,0.28166035075350315
10498053716,0.0035366931918656055,0.02024256206612543,0.035185221238663106,0.28011919965942955
5633824547,0.0035134254734980686,0.007242413979512299,0.02436348461804132,0.2666348846910196
188355460514,0.0035134254734980686,0.009126359840685584,0.01803933990782454,0.2818235642391948
486474041433960,0.0035134254734980686,0.011583926810346958,0.02816183307173908,0.2611598804632051
10505090694,0.0034901577551305317,0.009532524354475932,0.009904791170091545,0.3032627997451573
6499393458,0.0034668900367629952,0.013302358997822923,0.017796719802001905,0.2919521330044761
6333396177,0.0034436223183954584,0.023256183122110093,0.03352202581868508,0.27451990919688324
568982666502934,0.0034436223183954584,0.01576204510836512,0.020660847592231687,0.26897505259993987
6276351475,0.0033970868816603846,0.0012122760972554565,0.0039312886390469445,0.30290557556391995
131247023568988,0.0033970868816603846,0.000535204831174271,0.004521904746282791,0.30251646315903347
424717587573142,0.0033738191632928477,0.00029920357202751,0.0015701312125478404,0.2811789103248916
129930197818,0.003350551444925311,0.0003296706547512993,0.003003644504137002,0.2992109134679684
246976735508369,0.003350551444925311,0.008565267068571428,0.007126076268695011,0.3038064069311099
180058246050,0.0032807482898227,0.00013824047450412125,0.0032106028026475963,0.28352723493777404
142868065759441,0.0032342128530876263,0.013889080705641193,0.02300545450951508,0.2782033426183844
223649167822693,0.0032342128530876263,0.000302709161162914,0.0032057942354440576,0.29857598526605184
47016231622,0.0031876774163525526,2.9328101225326835e-05,0.0011327516089109295,0.2695226851071007
417576561609357,0.0031876774163525526,0.0029133025820713733,0.0072435989544973505,0.29766624976715716
21090771700,0.0031644096979850157,0.007137856139667056,0.020198844560193985,0.2740256240660444
31160214090,0.0031644096979850157,0.0007997700037596977,0.0052196027777936,0.3111197641430717
32616834014,0.0031644096979850157,0.0010804919069267848,0.004272875259686823,0.3013307472657723
167115176655082,0.003141141979617479,8.003457967362064e-05,0.0017538206706070997,0.2931341719077568
265719336797086,0.003141141979617479,0.0005279248863917026,0.0028451469297023227,0.2775097063894712
128472013912354,0.003094606542882405,0.0003790461312044534,0.0022589871337409515,0.287890876335092
174725429795,0.003071338824514868,0.00020678159478270826,0.0010074730892952214,0.26820437816193926
210277954204,0.0030480711061473312,3.105492906607958e-05,0.0014378733441914023,0.2826603325415677
319569361390023,0.0030248033877797943,0.018061081475055828,0.024921409661636737,0.27551724137931033
133279166727577,0.0030015356694122575,0.02110140076316039,0.02713046268374936,0.28278538293327266
620332914649716,0.0030015356694122575,8.441335411051105e-05,0.0024536815801051185,0.2764125183784919
6851405967,0.0029782679510447206,8.55365258779333e-05,0.002271618782334943,0.27756479448145804
8934429638,0.0029782679510447206,5.1451610411179284e-05,0.0022781080029306705,0.27453001521621756
14516439825,0.0029317325143096468,0.00015868511786934936,0.002717808133143286,0.297164109716411
141513472571212,0.00290846479594211,0.004412695163163552,0.020432417101981026,0.2628845385537355
183356311699411,0.00290846479594211,0.015020697783375688,0.016592301227615337,0.26369015346172886
737151126362683,0.00290846479594211,0.05302576225562505,0.026723310392929116,0.27316239316239316
19420215926,0.002885197077574573,0.03616449434865049,0.03108965938759186,0.2717522016398421
163513530519501,0.002885197077574573,0.00017943113413239635,0.002516466973443005,0.2997240159695614
8304333127,0.002861929359207036,0.0014866523243699,0.003973612801013405,0.30427745664739886
352587308165634,0.002861929359207036,0.0028269732438244376,0.014635345758224729,0.2678832291591829
125567187620459,0.0028386616408394992,6.302651513289958e-05,0.002422198328913913,0.2767955459325704
118436878597,0.0028153939224719623,0.014182051338299225,0.022425017491000853,0.27169279720194794
135665053303678,0.0028153939224719623,0.010279915573791631,0.02409002372396323,0.28063573301220535
19013582168,0.0027921262041044254,0.00039280812767739104,0.003164038855473917,0.2977652962080577
7938522410,0.0027688584857368886,0.0016824124236912413,0.005487205942219038,0.3050158834035475
18943096862,0.0027688584857368886,2.747154132391664e-05,0.001202396730488935,0.2742742251863476
326683984410,0.0027688584857368886,0.0011925857387722137,0.002891915846724353,0.2972904734694962
139398939438430,0.0027688584857368886,5.356293593775854e-05,0.0019931011562515475,0.2730590374827599
20980557060,0.0027223230490018148,0.0010986982964511299,0.003961107028043823,0.30718954248366015
21516776437,0.0027223230490018148,0.0001515809604978542,0.0030180946840392734,0.2876206883252124
105702905593,0.0027223230490018148,8.056359139231033e-05,0.0015674610111851305,0.28844393445159294
369527829841639,0.0027223230490018148,0.00038064477851658494,0.003323650696486648,0.2887790269907449
160288360552,0.002699055330634278,0.0007082897380437942,0.004191426071106821,0.305169826763061
219367258105115,0.002699055330634278,0.0012171388043150028,0.005895448304324865,0.31464656409102415
6622931938,0.002675787612266741,4.224018351901735e-05,0.0011865752853543999,0.2811753764170626
155840847453,0.0026292521755316672,0.002748817765853684,0.009624288465925179,0.2733092259577795
26595441166,0.0025827167387965934,0.00019772585944141414,0.003124657676590228,0.29381558383567763
168744703121,0.0025827167387965934,0.0023352783891339808,0.007014186318695415,0.28691615153769207
350771908311178,0.0025827167387965934,0.007942988441942396,0.015725730765798134,0.26702314311972597
114945745226947,0.0025594490204290565,0.00014805702352231997,0.002549450261584034,0.28698608171380924
125342830842328,0.0025594490204290565,0.011004273016150487,0.013712726337440327,0.2875726258419456
184599864915751,0.0025594490204290565,6.347485885462684e-05,0.0016263187856451632,0.2808083343793147
370328643059107,0.0025594490204290565,0.00042606507613286986,0.0024355755068684445,0.27484704783901326
42354254341,0.0025129135836939828,0.0008624028389071458,0.0030728661476795384,0.29333018657645965
184749301592842,0.002489645865326446,4.018925395387265e-05,0.001404460843844721,0.27227144387109337
186473214703370,0.0024431104285913725,0.00024930991711580997,0.0030411748573037534,0.2852880041826598
35590531315,0.0023965749918562988,0.001639650914643072,0.005640902720228246,0.29849631082469413
60894670532,0.0023965749918562988,0.00011203684146540312,0.0027960301950231245,0.28953396575599527
162245191716,0.0023965749918562988,8.103470296389698e-05,0.0017535792097558953,0.2818697240771072
268311603350722,0.0023965749918562988,0.00030079051318871586,0.004034354675755219,0.2934610087230275
545775132233909,0.0023965749918562988,0.00017570185600575302,0.002207838856660036,0.29098003511738313
479687202044787,0.002373307273488762,7.571780953061403e-05,0.0017925981429160489,0.27287585685360916
9034820804,0.002350039555121225,0.0006442796747932434,0.003002799674715643,0.29927095177580093
259536274080316,0.002350039555121225,0.0006290279912169929,0.0031711206012024844,0.29348795718108833
7962048097,0.002326771836753688,6.43947821514937e-05,0.0017720197023373184,0.2855647600934353
908009612563863,0.002326771836753688,0.00010463996691736326,0.002070007570618292,0.2876243861047543
264972983556381,0.002303504118386151,0.0008496651541821967,0.0037974835804592054,0.29712858926342073
19003252165,0.0022802364000186143,0.0002922869261112265,0.002633132385482798,0.2885108907315941
762592150466931,0.0022802364000186143,0.0002411167829076662,0.0030873176765207587,0.2845152100925832
13310147298,0.0022569686816510774,0.0357915984609068,0.013389560111054804,0.3082179513673624
574747565911344,0.0022569686816510774,0.011822085016718494,0.026388574943908807,0.27107061503416857
55326701544,0.0022337009632835405,0.0013199670152506057,0.004683294865581239,0.28792051684641323
367105936678679,0.0022337009632835405,5.008658995912908e-05,0.0010352325777992788,0.2622897004513746
731244080298286,0.0022337009632835405,0.0012395141240639912,0.0034213043731435903,0.283225724775288
19875021647,0.0022104332449160036,4.3755781025891466e-05,0.00115028066560313,0.2838942185675854
40656699159,0.0022104332449160036,0.035314945857292376,0.02014849626707137,0.28
49940376408,0.0022104332449160036,0.0014818153118854533,0.004887089066579251,0.2976979374584165
281709225144,0.0022104332449160036,0.00012916264403553722,0.0024158113910186154,0.2921198668146504
200137333331078,0.0022104332449160036,0.0001580194079450455,0.0024593923401384533,0.26892008847004517
353967728021064,0.0022104332449160036,0.00010145542893085799,0.0022668880600566947,0.27281596019706356
528930603826623,0.0022104332449160036,0.00010919043920358676,0.0009876819483182675,0.27557833017171296
149126144574,0.0021871655265484667,0.0015782884853854742,0.006071330293179293,0.28846253030068597
115099421882868,0.0021871655265484667,4.3511892239788635e-05,0.0014134583574176138,0.28152566474133917
413605605357873,0.0021871655265484667,0.011694241503734309,0.01964924728674402,0.25216126959795315
268914272540,0.002117362371445856,0.0003184243981028655,0.0029951008202238946,0.3096513446552894
443476065755081,0.002117362371445856,0.0009609500594399751,0.005702681481254426,0.2493868997190886
1565918810345070,0.002117362371445856,0.0002914877049295557,0.002262334672246755,0.2782068022135174
143666524748,0.002094094653078319,0.0008702186905978063,0.0027683803151629643,0.2991548994437313
215199900044,0.002094094653078319,0.001147565800617599,0.003456659796433482,0.2832472399473311
419846804712840,0.0020708269347107823,0.004929668547069412,0.008451771423941636,0.26679387037147456
149475666523,0.0020475592163432454,0.000615870918783832,0.0029599008781704,0.29572642793882437
214832449817,0.0020475592163432454,0.0008795787221241567,0.003973665508387225,0.3064279746332644
17614953850,0.0020242914979757085,7.413582619449778e-05,0.0012854981136627803,0.27922766815192024
6491828674,0.0020010237796081716,0.00047973574101305193,0.0026948764675001537,0.28819498119235326
89613772643,0.0020010237796081716,0.00027625625772385555,0.0008965672574979526,0.27403905044219606
128334087241432,0.0020010237796081716,0.0023691226717282472,0.010648403532480515,0.2485087475701194
151159641657421,0.0020010237796081716,0.0036292884170811375,0.0051547239670954766,0.29442653155228005
1439042583002670,0.0020010237796081716,2.0793630453368184e-05,0.0005442524590359702,0.2567156643372692
300719666712627,0.0019777560612406347,6.478592063072656e-05,0.0016011050008651962,0.27035649546827795
18813753280,0.001954488342873098,1.569801721490654e-05,0.0014027577783749686,0.2606426357853531
108924385822784,0.001954488342873098,0.0015043540225146547,0.004434115054640609,0.2930151536980524
240984512605919,0.001954488342873098,8.932538230309362e-05,0.0018380782231117146,0.2765115934147427
13642915529,0.001931220624505561,0.0013560580392443366,0.0035210595092798097,0.3041616249507158
279933092023507,0.001931220624505561,8.776008261097247e-05,0.0007356437742945307,0.2524714485622715
112779115408517,0.001907952906138024,0.0005795287279895736,0.0023890862347841295,0.2918378794401179
71179904752,0.0018846851877704872,0.002287066467673169,0.008242475966618269,0.2917427364248083
85452072376,0.0018846851877704872,0.01462542891413517,0.01680605234463121,0.27034996133023975
181135410243,0.0018846851877704872,0.0006618142184728916,0.004686786386559138,0.2734729301893481
523943624350521,0.0018846851877704872,0.006118574308956867,0.015016940499357657,0.2655777015396669
27479046178,0.0018614174694029503,4.124351201276945e-05,0.001126796206501792,0.26704545454545453
8810407571,0.0018381497510354134,0.00020293498006495415,0.0012891215712710555,0.28396268325188806
9335481377,0.0018381497510354134,0.000782821631714217,0.0034675265007455,0.28366384338388195
529525930430284,0.0018381497510354134,0.005608330430428328,0.015096431655460853,0.2623542932195042
791373644322801,0.0018381497510354134,0.005908539616641264,0.003895703500571038,0.25941558441558443
119984188013847,0.0018148820326678765,0.021958885575804506,0.02387444396937759,0.26422581788118576
282024895179874,0.0018148820326678765,0.008656771644074418,0.021058540710600055,0.25921720390239383
695526053890545,0.0018148820326678765,0.03578671505720921,0.01430112788639166,0.25094221105527637
54444461143,0.0017916143143003396,0.0008985674082725545,0.005113783697393069,0.28742114932487123
68174059444,0.0017916143143003396,0.0013642137128611431,0.0033656102623746778,0.2878093963875881
80256732576,0.0017916143143003396,0.010368808512087527,0.009762515499881521,0.27685720296508964
98658495398,0.0017916143143003396,3.314091029577067e-05,0.0015842718730782023,0.2631845185577319
203055485347,0.0017916143143003396,0.00041253378576318805,0.002847170106256201,0.2792904135924997
72447968144,0.0017683465959328027,0.0020238565989832346,0.0036724557768443166,0.3032874669558734
90240021027,0.0017683465959328027,0.00023134000710638565,0.0022620683449586384,0.2915792354712161
167423346623633,0.0017683465959328027,5.299883877431969e-05,0.000639502336259173,0.25784293386810503
186219261412563,0.0017683465959328027,0.00010449116031460785,0.0016396241198942442,0.27377412288752645
75928194876,0.0017450788775652658,6.96433942442069e-05,0.0010438946530908978,0.2668384203432688
140254320968,0.0017450788775652658,1.8987593268069274e-05,0.0010919730238119262,0.2630545463096876
145184572013,0.0017450788775652658,0.0004392650029235166,0.002172891114932614,0.2765355187204114
91686597689,0.0017218111591977292,0.0013225239068481015,0.004266413451511515,0.2885220531338664
115777632950,0.0017218111591977292,0.004982315284912889,0.011569078212446033,0.25397329942784486
751413538254047,0.0016985434408301923,0.009805185312379816,0.018560549766124337,0.26476992993751186
233116802464,0.0016752757224626554,0.0005764024319703636,0.002960930461534976,0.29284639047058053
114431401958534,0.0016752757224626554,0.0001956554485835686,0.001622000906702119,0.2983092431596352
281849238620927,0.0016752757224626554,7.534086558585571e-05,0.0007581659595313452,0.2578785992576711
300455573433044,0.0016752757224626554,0.003532067008757418,0.009608227921119553,0.2746412305577039
34521916336,0.0016287402857275816,0.010470824288600798,0.020531350719886803,0.26248665391700204
43659862830,0.0016287402857275816,8.206986919498957e-05,0.0013444581708182033,0.2762077607812635
84169421673,0.0016287402857275816,7.293414283635805e-05,0.001688901703524846,0.2912907047901775
359591544295,0.0016287402857275816,0.0041937156181743795,0.015062277954967758,0.25960523109414346
228565633877379,0.0016287402857275816,0.009861486951545833,0.014762311102691083,0.2629988832069594
438956182828623,0.0016287402857275816,7.245049358309879e-05,0.0015183634440208633,0.25818215390296817
47689998796,0.0016054725673600447,0.00029133719331993115,0.001980936624567138,0.282917699428398
242181938605,0.0016054725673600447,0.00038339044142235315,0.0024878647348831598,0.26406364344562216
112883682080346,0.0016054725673600447,0.0030043009040530786,0.010772043052358675,0.2491674741332264
44473416732,0.0015822048489925078,0.005159786808065955,0.016108480620176828,0.26376165717586864
70072372362,0.0015822048489925078,9.038212628038376e-05,0.0016642970466065998,0.289747707610216
140647865392,0.0015822048489925078,0.0047394304561398145,0.008313923228942413,0.253400840440835
263743636076,0.0015822048489925078,0.0009205508700767523,0.003087621229210754,0.2957928973741968
313774828684270,0.0015822048489925078,3.069676722268073e-05,0.0008805680106777119,0.26914979367428205
380516878697366,0.0015822048489925078,0.00015347958460743878,0.002064906405875976,0.28177387054926506
21626405048,0.001558937130624971,0.00023636240284644018,0.00278047497126658,0.267847949715654
107651419258212,0.001558937130624971,0.0002034670317618527,0.0018200003571916396,0.3008
114787771891255,0.001558937130624971,0.0005742604899302489,0.002703101198834072,0.2669657879977566
895688690505840,0.001558937130624971,3.780927029657605e-05,0.00135685826428589,0.2680886758538047
171133359591663,0.001535669412257434,0.0001078707894480078,0.0007184839753139155,0.2552045903060584
246619938739669,0.001535669412257434,0.00012009260159692617,0.0011891679819437879,0.28650462310785546
289189664545158,0.001535669412257434,0.0088370427092624,0.017871109900707196,0.25465845579447016
57138815724,0.0015124016938898972,0.00025674835787921883,0.0019501074915944613,0.2821647937240657
89686424098,0.0015124016938898972,0.0010402468069676638,0.003564195966652967,0.30379815591857795
203805062990264,0.0015124016938898972,0.0029842584795207513,0.008008541969278686,0.2646039574684502
339251532832846,0.0015124016938898972,0.00019862833992925413,0.0021750413782982807,0.28006659906611087
41632789656,0.0014891339755223603,0.009161328760720417,0.014349028640603112,0.25792616846134336
70644859198,0.0014891339755223603,0.00041900998927438433,0.0019188990439631818,0.2807942365137937
317179665134793,0.0014891339755223603,7.288019964881763e-05,0.001063469457299584,0.27419354838709675
468285376597666,0.0014891339755223603,1.510094685156283e-05,0.0004643988859107545,0.2565743448592236
769354053132340,0.0014891339755223603,0.006598536397536648,0.014534767919474247,0.24669467509124793
6030918854,0.0014425985387872865,3.880553263239468e-05,0.0010075411225642288,0.25723221266614543
531120203583969,0.0014425985387872865,0.0040731418099181705,0.013400504703203139,0.2457192439069931
266790296879,0.0014193308204197496,0.0001686448329137025,0.0016596254534770967,0.2882803943044907
220522928130438,0.0014193308204197496,0.0028744749046960487,0.008349485256468557,0.2477821218531604
243558409135842,0.0014193308204197496,0.007216056318541814,0.008504488073269513,0.26344174654388736
20946638799,0.0013960631020522127,0.00024166164088715178,0.0019519561701551312,0.2826817618963382
30911162508,0.0013960631020522127,0.0005884106837366049,0.0021020211898804923,0.2834410236918789
36400348187,0.0013960631020522127,0.0021814275955771584,0.008807969762448254,0.2653981209072791
60447222345,0.0013960631020522127,6.702859646552156e-05,0.001187881477564128,0.26382386584747464
241711025855990,0.0013960631020522127,1.663740040723833e-05,0.0005178148443521465,0.25226931880969294
14425952749,0.0013727953836846758,0.00013989730145474286,0.0016728937975673019,0.2912907047901775
117521968329803,0.0013727953836846758,8.675790401788656e-05,0.0014445568116630415,0.2741364310308912
132812533432684,0.0013727953836846758,5.8734582889568044e-05,0.0013654991066989913,0.26546425393058437
202859009728184,0.0013727953836846758,0.000661218875697091,0.0014135182821866004,0.2846853725265636
222983281133636,0.0013727953836846758,0.00023257132660641644,0.0012703937280940819,0.2599672310212998
272030711614,0.001326259946949602,0.0003643415053747175,0.002245936778549562,0.28067446178551714
131110227015527,0.001326259946949602,0.00021409649560327298,0.0015767690389217161,0.25433131735710063
164665060214766,0.001326259946949602,0.00019046320763545883,0.0012218739710403556,0.27282594114705916
193562797359225,0.001326259946949602,0.0015735826752652777,0.008729108675991509,0.2543544499522489
34407447433,0.0013029922285820652,3.702455503545772e-05,0.0013285142944148643,0.2754595712720243
115222941001,0.0013029922285820652,0.0003637503041494436,0.0012706914020155554,0.2755953040885965
124538510989702,0.0013029922285820652,0.0027504100586797785,0.010214279906505688,0.26624141665377427
143753582359049,0.0013029922285820652,0.00016502750958493644,0.0008023534186630748,0.27440206059119343
5718758966,0.0012797245102145283,0.00031643645382492313,0.0015416252321986503,0.28495007132667616
71352317417,0.0012797245102145283,7.953992215887563e-06,0.0005296262049521807,0.2512437531585154
72391084613,0.0012797245102145283,0.00036048706731594236,0.001517534202616659,0.2757481634866637
145170355529600,0.0012797245102145283,0.008200252209615852,0.012618580179636822,0.2608310404327753
6521822915,0.0012564567918469914,2.957051578123441e-05,0.00039433884134052816,0.23575530849886717
6651543066,0.0012564567918469914,0.00032408765802204243,0.002549462438622227,0.29245591330378967
114896831960040,0.0012564567918469914,0.0016474457741397271,0.0023573596224467784,0.2996076120582288
19440638720,0.0012331890734794547,5.3130210563959756e-05,0.001151890509962723,0.27658338175479374
78612416276,0.0012331890734794547,0.003301423200838088,0.00903215056616073,0.2558174104947801
90018331599,0.0012331890734794547,0.003967167738457946,0.0033204087797951147,0.2928770602327621
363658042993,0.0012331890734794547,0.0008958837368894893,0.003845505645195707,0.29300747842258984
425390150874429,0.0012331890734794547,0.009862923193625384,0.010708185425400004,0.2520561526848284
687958677914631,0.0012331890734794547,5.682347563415103e-05,0.0013982777523783231,0.2790187201456704
5637143257,0.0012099213551119178,0.00040771900813835757,0.0018873051453588583,0.28150441030287016
6879409364,0.0012099213551119178,0.0002977324013104425,0.0022767519800406502,0.29144249182548887
7741299484,0.0012099213551119178,2.001527054439899e-05,0.00024880659604830177,0.23597164796219727
12301006942,0.0012099213551119178,4.271453475200185e-05,0.0010984570031889304,0.2597378472826907
77710564137,0.0012099213551119178,0.00010713001926788741,0.0011906406534354277,0.2600095301186616
134193140910,0.0012099213551119178,0.0024488479114175726,0.0066252778555730505,0.27322244205075596
136720375047,0.0012099213551119178,0.0009307145696711319,0.0041313222235343245,0.29514901251995407
123929004309642,0.0012099213551119178,0.00010889423276525163,0.001043426825106709,0.26800517514016003
222149727806378,0.0012099213551119178,0.010976899188543733,0.012558382447485398,0.28049850798665965
12852567813,0.001186653636744381,0.0003932767080071145,0.001580743395738119,0.274820037835049
23237898444,0.001186653636744381,0.0008911995761036767,0.0013304543667575633,0.2816426215474482
76378187097,0.001186653636744381,0.00011348690464523102,0.0011849941757657288,0.2804035846337031
138569239368,0.001186653636744381,0.00021371476744365324,0.001774369972279022,0.25046461118201563
253645602134,0.001186653636744381,6.203849904912556e-05,0.0009615349014795422,0.26187828489154735
131149920304237,0.001186653636744381,2.7154143792095436e-05,0.001361428219771899,0.2744929634491982
155626841228459,0.001186653636744381,0.004381142826741915,0.008292532476697709,0.25346400045318074
159907557427805,0.001186653636744381,0.00010870312200926737,0.0012853880478928938,0.27110346331887253
834027803299371,0.001186653636744381,0.014130678562000433,0.008158239220990076,0.2624435450759575
6321831972,0.001163385918376844,0.0001377337063577887,0.0013229399060594067,0.2804809247395409
7629206115,0.001163385918376844,2.659411287222931e-05,0.0012511995023432377,0.26328982829435926
9586347482,0.001163385918376844,0.0005045060055111333,0.0028397573527922048,0.2805759004715561
11897558895,0.001163385918376844,6.833299013704991e-05,0.0007152484513023577,0.2725899210449362
17548474116,0.001163385918376844,0.0008202363789498421,0.003904866374661751,0.2806286925653216
46522519207,0.001163385918376844,0.0003711596528689902,0.00246359509054152,0.29500890090327686
49961993286,0.001163385918376844,0.0013922921071809248,0.004203016663308424,0.2663396747541608
52902998700,0.001163385918376844,0.0005632102185376992,0.0035326667039025867,0.2832579987591953
126756847074,0.001163385918376844,4.4598793247329336e-05,0.0005415134124070991,0.2639982063415267
136764599915,0.001163385918376844,0.00016652037976251681,0.000976059024971391,0.26534775595407534
259955926518,0.001163385918376844,0.00017987848027821684,0.0007077727689312924,0.2600155739705489
328028680122,0.001163385918376844,0.00406260832365656,0.00617071528361812,0.24652341597796143
103971336305218,0.001163385918376844,0.010732325197051397,0.013056617394206625,0.2531427860189868
6165653060,0.0011401182000093072,6.39127578141238e-05,0.0012742878254496915,0.27287585685360916
19750633611,0.0011401182000093072,4.03286190055506e-05,0.0012477263357517224,0.2641852556002976
58608795408,0.0011401182000093072,0.00039786275839080287,0.0021295278033382696,0.2899241884273958
74758790293,0.0011401182000093072,0.0014160785594780894,0.002148051901884004,0.26588386299351097
186625219983,0.0011401182000093072,0.00032102957696749165,0.0010217257415681819,0.2748099104521613
117383481635060,0.0011401182000093072,0.001188210017607639,0.005669502259437996,0.24780407837751023
316913578439861,0.0011401182000093072,0.0036286335124812554,0.013808398533741285,0.26607359482410026
80562389320,0.0011168504816417703,2.8654023112768197e-05,0.0011895299051520192,0.25940656053244904
97212224368,0.0011168504816417703,0.0003670573588877613,0.0027627167594286898,0.2990549265462712
114050161948682,0.0011168504816417703,0.0007021235916959408,0.002935984325431606,0.2997922948073702
444654488901592,0.0011168504816417703,3.0808208994549464e-05,0.0010216450807041153,0.2734328212273433
630067593722141,0.0011168504816417703,0.0016701856483459542,0.008880042725726444,0.25306260958090604
50978409031,0.0010935827632742334,0.000365223866084091,0.0013202390117250829,0.28522617165587233
163313620412982,0.0010935827632742334,0.0012922359577569142,0.004767680073721422,0.24710885292980614
35277543605,0.0010703150449066965,0.00015658190261129653,0.0015077845233228354,0.2766004797111842
45623437315,0.0010703150449066965,0.005585681961155664,0.006562470289808869,0.286849933326495
153005644864469,0.0010703150449066965,2.9103441809073517e-05,0.0011790948720759,0.26196414561890374
165284543530775,0.0010703150449066965,0.0020759682431451616,0.007051271332903257,0.2521328509765471
335331839998647,0.0010703150449066965,0.0033701790342768136,0.008935769313471615,0.24843699681291712
367271796750940,0.0010703150449066965,0.0002477987860964199,0.0010531867131327696,0.2825889248181083
10716057521,0.0010470473265391596,0.0003085903892321039,0.0015082351593831169,0.2750869944790783
120680396518,0.0010470473265391596,5.07488319599957e-05,0.001343639884188186,0.2625883236695697
39723237897,0.0010237796081716227,0.00424718850059314,0.010721395207443406,0.25703125
123159412963,0.0010237796081716227,0.0001698174900898483,0.0006968279381821388,0.27026504626833214
463855417049923,0.0010237796081716227,0.0032176688551640823,0.007893956246320923,0.25291098600465756
554682674553388,0.0010237796081716227,2.813524304405651e-05,0.0007893223067341502,0.2588483032315542
57780972549,0.0010005118898040858,0.00011923628343037353,0.0013967911117515285,0.2602999522961825
310937177514,0.0010005118898040858,0.0002284239917013954,0.0013666721436465933,0.2781480007957032
369116414061,0.0010005118898040858,0.0009765299824372191,0.0024857330029354704,0.25969563652825983
108084519236943,0.0010005118898040858,0.0009000024031037249,0.005261251443399005,0.2501229819775502
125955227438903,0.0010005118898040858,1.8094494227680692e-05,0.0007440552121441422,0.25635090694503326
176999952314969,0.0010005118898040858,2.2750167521573606e-05,0.0009884192813645958,0.2561747832957369
6181619439,0.000977244171436549,4.991448740612226e-05,0.0009658380506634823,0.2701084200613334
34701792581,0.000977244171436549,0.0016780796528864579,0.004600878290050322,0.25509110396570206
45168721640,0.000977244171436549,7.347116393123346e-05,0.000989140203552914,0.27529348066842224
208763874023,0.000977244171436549,0.003379120311840179,0.009771408114736597,0.24793589928296744
115853591820469,0.000977244171436549,0.00030871387551645513,0.0016587733647902888,0.25666559588821075
134525006573190,0.000977244171436549,3.387884484122309e-05,0.0008985208612455694,0.25104076663262903
451151401602780,0.000977244171436549,0.002019320823184352,0.00474495826772846,0.2567657523241134
747754388695524,0.000977244171436549,9.551296701686787e-05,0.0008406648280439018,0.26874241714416136
5953023255,0.000953976453069012,8.033852147607692e-05,0.0009530254412945481,0.2727926741534672
12616252196,0.000953976453069012,0.00010667509706183359,0.0007668613560298641,0.2765868011769651
17108852506,0.000953976453069012,3.773183457501088e-05,0.001098194146061812,0.2638736539164691
59404413854,0.000953976453069012,0.0006057697043100413,0.003562297193644958,0.2872882770665057
215148520550,0.000953976453069012,0.003284583263960491,0.007935897814103378,0.24144183034750702
110260895670639,0.000953976453069012,0.0005623731786219254,0.0017085298168956124,0.2591871727142129
32109457015,0.0009307087347014751,1.686327532840061e-05,0.0005786060787307968,0.2508690484200139
49978948774,0.0009307087347014751,0.0002570447640792327,0.0015906513508666823,0.2929652715939448
302448176483395,0.0009307087347014751,2.2566302564088245e-05,0.0009189338355391481,0.2618139262726741
81047727472,0.0009074410163339383,0.004732462090030926,0.002652074700102657,0.255706301219554
99881661864,0.0009074410163339383,5.733620949212474e-06,0.00013677616267076688,0.22948465452158215
167847008004,0.0009074410163339383,3.5058403238676515e-05,0.0002997776353172657,0.23383084577114427
263803127085354,0.0009074410163339383,1.2902397653296274e-05,0.0005286440194221954,0.24947589098532494
272663052744040,0.0009074410163339383,0.0002558812492061871,0.0009080974445918467,0.27360336561980236
357191544367570,0.0009074410163339383,1.6406230235005928e-05,0.0005841432774005913,0.25090562440419445
909664125750328,0.0009074410163339383,0.0024137678688379094,0.00615062498761435,0.2514498943487839
30116744273,0.0008841732979664014,0.00012190930811975782,0.0011261717168404538,0.261599625818522
106916074935,0.0008841732979664014,0.00032529215063268463,0.0017876593257334743,0.24761209062434283
168311177572,0.0008841732979664014,0.0018639505614466633,0.003069075700480906,0.2660008322929671
316774245761,0.0008841732979664014,0.0019169524535106155,0.0016252313411575276,0.26594391545712825
479681268841947,0.0008841732979664014,2.0391060154089092e-05,0.0003666380358445478,0.24862750327843347
207966769402324,0.0008609055795988646,1.7116684500868493e-05,0.0007153765851741173,0.25957812173670897
219195584894557,0.0008609055795988646,0.0006379002274867304,0.003883564976750388,0.2810552763819095
48573742500,0.0008376378612313277,0.00020198936344562924,0.0013550593663692182,0.2741364310308912
60237406798,0.0008376378612313277,0.00025989153936604217,0.0015739114616521238,0.24939523995317986
561591777188116,0.0008376378612313277,0.0005069805881944418,0.0015433573791079711,0.27815837571025376
13152108058,0.0008143701428637908,4.6940719315961024e-05,0.0007422118422814164,0.2586627510376802
137767151365,0.0008143701428637908,0.00018242415606864492,0.0017981254038377111,0.27995445046488054
175719755481,0.0008143701428637908,1.8743811500261204e-05,0.0005321932137113888,0.25562741378916337
359772106595,0.0008143701428637908,0.00012833181641531272,0.000727393729822723,0.23572301597336368
114114045339706,0.0008143701428637908,4.3329255316964895e-05,0.00081252314737051,0.2565978872997121
131004177063779,0.0008143701428637908,0.004111564914921666,0.008000165804910779,0.24358960399812724
135010313189665,0.0008143701428637908,0.00043825652886374434,0.0026312981638474072,0.23953403713141608
251317564934798,0.0008143701428637908,0.00032338162946572675,0.001388903053002847,0.2578221336129902
296856040436954,0.0008143701428637908,0.003655557859776154,0.0079377169128703,0.24749430271920703
368004436727923,0.0008143701428637908,0.016346047790272326,0.004435854268715848,0.2446845743284627
598356233569407,0.0008143701428637908,3.3086299051717324e-05,0.0011884165931301024,0.26098013368640854
10584534401,0.0007911024244962539,1.5295694987346134e-05,0.0003465291231902117,0.2553065230291688
57972945858,0.0007911024244962539,0.00024033471635343648,0.0011999600829419802,0.28328310583229926
171964245890,0.0007911024244962539,0.00048564227826313177,0.0025665191671563814,0.2542243838138203
257702340061,0.0007911024244962539,0.00025191926085921777,0.0016813839154337315,0.2591091241805842
358168880614,0.0007911024244962539,4.838252646746864e-05,0.0011012930785363152,0.26614956339670226
125598484184243,0.0007911024244962539,2.6129949974803476e-05,0.0004621505174455356,0.26005184298318007
149817218374125,0.0007911024244962539,0.005894608712340981,0.010215770278472943,0.2396649062101621
224319224261399,0.0007911024244962539,9.08108061955326e-06,0.0005549046792558765,0.2538407425057299
405679386265498,0.0007911024244962539,0.0016090009852302953,0.0048021902729138335,0.24069372122046737
475025662553385,0.0007911024244962539,5.17272264231306e-05,0.0008445913837781129,0.26044843884607327
38472826214,0.000767834706128717,2.6770900574559092e-05,0.0005566065012167703,0.25853421776411584
112415152112864,0.000767834706128717,0.003542417599801476,0.00799636028137454,0.244703308722997
49727872493,0.0007445669877611801,0.0008839472115561449,0.002459035579379817,0.29162104385004434
128015890542670,0.0007445669877611801,7.874800883679086e-05,0.0013202204344886386,0.27737208177839495
171054229642299,0.0007445669877611801,3.433513418553449e-05,0.00026300807193078995,0.23648798638492194
195021667212814,0.0007445669877611801,0.0007698796966877021,0.0011854306415919487,0.27414314948472557
644891892279936,0.0007445669877611801,0.0033124271559017582,0.006326878006417156,0.24894012395820583
731743396857610,0.0007445669877611801,0.00010782399644689448,0.0007629426699969539,0.2625020533639969
12503116997,0.0007212992693936433,0.0008622310944497506,0.004654239917106562,0.24902048085485307
41201204962,0.0007212992693936433,0.0006576196427536083,0.0018736020077559448,0.2871186745209769
312383761871,0.0007212992693936433,3.1745041448327105e-06,0.00033151012426173196,0.24054879360027526
102001589864063,0.0007212992693936433,0.004361296485958298,0.010337166529249887,0.25736241487207806
107699875915002,0.0007212992693936433,2.838722078958197e-05,0.0005425068210461205,0.2504842411688966
116056801813862,0.0007212992693936433,0.0002582730057187469,0.0019570251429374286,0.22871747686960078
149131141771785,0.0007212992693936433,0.0033854899008106975,0.0050590543326557895,0.2619058768438305
254541051349349,0.0007212992693936433,0.006849725347899247,0.007611419477257991,0.25025448281262236
330201017032791,0.0007212992693936433,0.0040886607316937655,0.005703472490238102,0.24802935730994802
371655802904606,0.0007212992693936433,2.2502943405843767e-05,0.0007036279656319254,0.2526082832753715
596635807026540,0.0007212992693936433,0.0008249395427074689,0.0036416229973301943,0.24143140809807476
6439768716,0.0006980315510261064,0.00018449410349271283,0.0012923524643858163,0.24559785711149168
86518833689,0.0006980315510261064,0.00013704677062752462,0.0012835724390048233,0.26144065815921097
180526851447,0.0006980315510261064,9.554127461477031e-05,0.0009120847810214523,0.26367461430575034
300857333265155,0.0006980315510261064,2.8207620384785054e-05,0.0006738564640899897,0.2509647312213946
311925502180080,0.0006980315510261064,4.485353012732001e-05,0.0005149221922634592,0.24558976892255338
429101477109798,0.0006980315510261064,2.542641608458786e-05,0.0007539013269577894,0.25447017607716454
456740217686384,0.0006980315510261064,1.058221267776342e-05,0.0004818153896398031,0.2554960428491486
69354316647,0.0006747638326585695,9.784870329957752e-06,0.00017058843348369016,0.22973208876292578
106547192707583,0.0006747638326585695,0.002283883555828772,0.006600180907944927,0.2577775729363507
113676922032321,0.0006747638326585695,0.0024562470114456673,0.004266293331653087,0.2524087821829095
159050394216641,0.0006747638326585695,0.001415226801212549,0.0032213670352764694,0.26144065815921097
8945512054,0.0006514961142910326,0.000523436104798024,0.0014652937715978634,0.25660966014016495
42870397984,0.0006514961142910326,2.8454875730314396e-06,0.00017486133898514457,0.234765727477832
100503403440061,0.0006514961142910326,0.000396503325288525,0.0011809819426111343,0.25856409782256945
106004666100932,0.0006514961142910326,0.0003482379079312302,0.0016673577604895404,0.24443861719330448
129617873765147,0.0006514961142910326,0.0002084409460760539,0.0008686042317268928,0.2534094513162068
195768000454891,0.0006514961142910326,0.002336639919475082,0.005804579286915747,0.24302598418354046
256004367748633,0.0006514961142910326,4.628269753578802e-06,0.0002853794277294623,0.24965406418783198
263103197142872,0.0006514961142910326,0.0006722769773634639,0.004768517748406816,0.24598942241085467
273863336077899,0.0006514961142910326,0.007523521222742398,0.006008838750867868,0.24327175059534814
365084476836621,0.0006514961142910326,0.0011878459156729533,0.006313394738914688,0.2415461023537033
619459291436461,0.0006514961142910326,2.207565116500336e-05,0.0005487290249479655,0.2559520404544258
754734577940325,0.0006514961142910326,0.0003762997105413051,0.0019338237687934832,0.24211335129811803
6028461107,0.0006282283959234957,1.4999336016922845e-06,0.00020064316785495397,0.244534802378454
14827657177,0.0006282283959234957,0.00019265426014359883,0.001455598912976299,0.2548470143303032
26423400230,0.0006282283959234957,4.329697937207112e-05,0.0006644194907521739,0.26393591543480055
41093998634,0.0006282283959234957,0.0003391449338819251,0.00243242654306469,0.24355512976833305
309798029121030,0.0006282283959234957,1.3832695346594156e-05,0.0004953654110771373,0.2502712801064984
333712010138815,0.0006282283959234957,0.0031147944832462613,0.004855284577272429,0.2427069659459518
475763235822198,0.0006282283959234957,7.042530166440414e-05,0.0005551455404456872,0.2693766480837076
745995528781548,0.0006282283959234957,4.540195788978653e-05,0.000401870820323162,0.2574364521362899
891358407543844,0.0006282283959234957,0.0001952677387655019,0.0011618063718912795,0.27541209636715047
916640865034057,0.0006282283959234957,0.00040494978261577957,0.002121902710333197,0.24326381488811083
8501031021,0.0006049606775559589,6.37880932823835e-05,0.0007360236493676364,0.2562921721597874
19799718480,0.0006049606775559589,2.321829718475992e-05,0.0003826724017102035,0.252685318002643
35994014410,0.0006049606775559589,0.00034935532919209056,0.00305228363003213,0.27450980392156865
119954941781,0.0006049606775559589,0.00012980310872194486,0.0012224107525223259,0.2611842719716074
110598432306650,0.0006049606775559589,0.0004647022366998151,0.0011594794589112705,0.259316356218052
38925837299,0.000581692959188422,5.655107000379615e-05,0.0007254448705298135,0.2617863536900736
39114729405,0.000581692959188422,7.946242555512223e-05,0.0010491265435317242,0.25353868470857555
104301781300,0.000581692959188422,0.00022239556450668295,0.0008826624094656377,0.2580749354005168
198650096517,0.000581692959188422,1.7229541880730463e-05,0.0003616401300930415,0.2512240039527467
138442296229429,0.000581692959188422,6.973325575886079e-05,0.0007807628314337255,0.252255096518131
143928478973403,0.000581692959188422,0.000670800149640028,0.0037503161281355825,0.2445615339207241
6860957425,0.0005584252408208851,0.00020730136009031565,0.0016681421356944156,0.2478891966759003
29790827612,0.0005584252408208851,0.00010700414362184359,0.0003914129696165982,0.24221033713704176
36496893934,0.0005584252408208851,0.00017107142673089592,0.000993902897967816,0.24345971357680757
88339957581,0.0005584252408208851,0.00023422541351149297,0.001057290266236183,0.25672450197374463
90662953642,0.0005584252408208851,0.0001849840107431693,0.0013687305135703476,0.2669944624785182
261323008476,0.0005584252408208851,0.0017493321989439914,0.0014506001666353514,0.2736703038606449
370870329165,0.0005584252408208851,0.0006281446247358096,0.0026589964062998218,0.24539850382818157
111627345541631,0.0005584252408208851,0.0009687617814390587,0.0037901065521393244,0.24653971612448206
277613075615568,0.0005584252408208851,0.00013295578639431043,0.001010104935061979,0.27544600534344565
420776631313347,0.0005584252408208851,4.2104514486980093e-05,0.0006278009304454061,0.2514442421381527
8057684437,0.0005351575224533482,0.0012166904357669359,0.003940468545331013,0.24172357161379548
21218780346,0.0005351575224533482,0.00016701473929927368,0.000948670615974201,0.27524944942728136
21472760578,0.0005351575224533482,0.0005903921117353466,0.002824067556637584,0.27690517742873766
26382032216,0.0005351575224533482,0.00012162872556906725,0.0009680290021534503,0.24952597648843383
26668999076,0.0005351575224533482,0.00014180237409644594,0.0014655620073375445,0.25441519304031385
40397252103,0.0005351575224533482,0.00022090600004118273,0.0009716019935427229,0.23988848380870684
52946962893,0.0005351575224533482,2.752412165453694e-05,0.0002984577741414121,0.24236252545824846
59344923821,0.0005351575224533482,5.174679423352209e-05,0.0007358690285045945,0.2720893180740182
64639136366,0.0005351575224533482,9.464192770459928e-06,0.0003446753977705388,0.2450302837803796
68621004939,0.0005351575224533482,0.00042108949895179127,0.001169785674142671,0.25200504640893934
104992520955,0.0005351575224533482,0.001063335696114575,0.0014103905212800377,0.2524372630438707
112623813202,0.0005351575224533482,0.0010131117140895582,0.0023306240215066843,0.246556018426679
147823328841,0.0005351575224533482,0.00012769773947406637,0.0005913780668136416,0.2526567811444769
171577161630,0.0005351575224533482,2.4260332823676034e-06,6.515403939951949e-05,0.21822083495903238
108571612499317,0.0005351575224533482,5.1843084709702785e-05,0.0008656382104126346,0.2525769122212814
109880029049898,0.0005351575224533482,7.474585393145146e-05,0.0007398809028575949,0.258331216369137
129184427195815,0.0005351575224533482,0.00041514238904313393,0.0027330303516837754,0.23655049906953138
153924901307555,0.0005351575224533482,1.8387093291478243e-05,0.00044963682955640827,0.25931936201780414
241061082705085,0.0005351575224533482,2.5192158923013823e-05,0.00038586741360743896,0.2467627010213761
310676529001539,0.0005351575224533482,6.101433908830383e-07,2.7526511485939757e-05,0.20805163162250886
879307625456770,0.0005351575224533482,7.136751767544359e-05,0.0006728991645146858,0.24805685837518987
80221381134,0.0005118898040858114,0.00022799576897867828,0.0017985108704528497,0.2627888127987972
92021268117,0.0005118898040858114,9.411764306858165e-06,0.0004684813348037665,0.24974045835612463
108698394910,0.0005118898040858114,5.603375919132146e-05,0.000612774200582315,0.2590611176729429
256566055895,0.0005118898040858114,0.0003463297026866416,0.0028640956013433667,0.2392522564914232
262444655369,0.0005118898040858114,5.224309023774398e-06,0.00031445172936141554,0.24749430271920703
159499837454214,0.0005118898040858114,3.940711056146823e-05,0.0006192822960450805,0.25210443875998695
167640156628553,0.0005118898040858114,0.0028709587532686157,0.0050995734601252535,0.24565448935445972
269626763112769,0.0005118898040858114,1.0144430571959902e-05,0.0004357856217178702,0.2473109958987851
316057878492825,0.0005118898040858114,0.0001495005010215735,0.001227886915572221,0.2819727505325116
358801027537350,0.0005118898040858114,4.3810699155345024e-05,0.0005907775494593581,0.24648539068353092
1595723550651430,0.0005118898040858114,0.0008533856551680499,0.00340769052879955,0.23353793477807006
6204742571,0.0004886220857182745,4.947029150375822e-06,0.00027191869094809063,0.23674074074074075
11643473298,0.0004886220857182745,0.001137032544658688,0.003883281125819947,0.2599672310212998
147246951649,0.0004886220857182745,9.99515401038469e-06,0.00043864509701947154,0.2486993641335764
197843195004,0.0004886220857182745,0.00014362334595588447,0.0007105829435466939,0.257037156184655
161453087348302,0.0004886220857182745,0.0001982449053691222,0.0018125603500167558,0.23888693126608365
360781383974396,0.0004886220857182745,3.574677150139135e-05,0.0006259271623388791,0.24731919785978024
390841474340132,0.0004886220857182745,0.00012226598922606153,0.0006964812987106735,0.25317716290386466
445954212128295,0.0004886220857182745,4.378441383237332e-05,0.0006632370331004991,0.25119579618692595
13320939444,0.0004653543673507376,4.226119195079836e-06,0.00039064988040593123,0.24235727440147328
60870934988,0.0004653543673507376,3.6423147732413904e-06,0.00030311547031192137,0.24196670956856553
71279079017,0.0004653543673507376,0.00026330720184140845,0.000815622902832488,0.2569279356876256
124434790836,0.0004653543673507376,2.5573823087046745e-05,0.0005079189271752646,0.25161391906786335
107710719302307,0.0004653543673507376,0.0005506061054652389,0.0007692689559907204,0.2593855072463768
198021666971291,0.0004653543673507376,0.0016378250897133935,0.004139592250376402,0.24216052389457163
21768731041,0.0004420866489832007,3.7242815492019678e-06,0.00020279835333158398,0.2374694830697378
116727628853,0.0004420866489832007,0.0045216259516231375,0.004171923263509223,0.24932297645183937
436749055071,0.0004420866489832007,1.0760246718402517e-05,0.00026598845093041333,0.249498148726413
184096565021911,0.0004420866489832007,0.0002125005911375658,0.0012851527935791598,0.2819372156620584
289741874474112,0.0004420866489832007,0.0006014622704272502,0.002278521551768303,0.23463277013917294
312531385450925,0.0004420866489832007,0.003092331739292627,0.0077036737036692655,0.2425122762896879
437674196342052,0.0004420866489832007,0.001018924525821116,0.0025875350731573645,0.23685603574226607
15418366158,0.00041881893061566385,0.0009351326758415488,0.003908228743376489,0.2466892346370563
207697880579,0.00041881893061566385,4.168584018083785e-06,0.0002332748648412531,0.23831944947482797
367292494407,0.00041881893061566385,0.0037061261828966034,0.003927315733060305,0.2667397939717665
100450643330760,0.00041881893061566385,1.3569790751629054e-05,0.00027745708492234444,0.24777388915961546
127175687433107,0.00041881893061566385,0.00014460568142199255,0.0008824952290226311,0.2415278482515897
154018957983813,0.00041881893061566385,0.0014242228076509224,0.003581263628153855,0.2538407425057299
172526489431467,0.00041881893061566385,0.0016696120730521874,0.004249356059857491,0.24536889785801244
264018250293331,0.00041881893061566385,0.00018673507840880565,0.0018434909009438698,0.23095107826033096
303363616352436,0.00041881893061566385,0.0004293270630525596,0.0013389454333875657,0.2455143048407098
31709165325,0.00039555121224812696,1.0285163523043073e-05,0.0003399281595467782,0.24298111281265952
122177661170978,0.00039555121224812696,9.601283615650087e-05,0.0005923504251628805,0.25577938856241283
136506519748694,0.00039555121224812696,6.496625822779949e-06,0.00033295103692299304,0.2404195413415866
166622430080749,0.00039555121224812696,1.2128152543669834e-05,0.0003638961347281249,0.25021249944079094
180360322047243,0.00039555121224812696,3.2571258152130576e-05,0.00032775526452352927,0.24775193798449613
585201591501053,0.00039555121224812696,0.00013858399128910604,0.000791474724470672,0.25527739108605857
660810660646898,0.00039555121224812696,0.0011905998223894945,0.0017197148445315638,0.23247742458408238
18343191100,0.00037228349388059007,0.0001185839063437977,0.0005519573056693258,0.2532975555631036
51757123845,0.00037228349388059007,5.7402394117103934e-06,0.00014019561978278333,0.2260825627810621
55845270277,0.00037228349388059007,0.000187916734719325,0.0015934019541859658,0.27987389911929544
64588666340,0.00037228349388059007,6.387594277063457e-05,0.00034736175768665324,0.2538321022952903
67959238836,0.00037228349388059007,6.47533776759178e-05,0.0006371583062136083,0.2442811438804145
106368016062691,0.00037228349388059007,0.00039116486218683543,0.0015353687315046455,0.23270957071678958
116757565026850,0.00037228349388059007,0.0022645780697384673,0.00399450910020545,0.23568328346888037
181961455147909,0.00037228349388059007,0.0007374154116755617,0.0020433595225702204,0.23317525665746
7833534974,0.0003490157755130532,1.4263827980608052e-05,0.00041853397785834634,0.24959000390472472
8354368747,0.0003490157755130532,0.0010085167175703004,0.0009372570374434196,0.25415795692083976
53587699329,0.0003490157755130532,0.00030437509561159466,0.0007071205620636674,0.24979065015687282
66197856671,0.0003490157755130532,0.0007102477530984122,0.0009339531293909339,0.24247810630365038
88683275177,0.0003490157755130532,3.0782018546794544e-06,0.0002030865273218671,0.24184638668180097
90692553761,0.0003490157755130532,0.00011458904043885587,0.0006826316148272404,0.24537697150503432
106854275018,0.0003490157755130532,0.0008514466384057566,0.0020109023883653925,0.23919342250163048
206080093131,0.0003490157755130532,3.2983320779378137e-05,0.000538174974464882,0.23891754503999402
103729003025453,0.0003490157755130532,1.1440242661116505e-06,0.00014144005000405548,0.2331922700077133
104200886277050,0.0003490157755130532,2.0715363046810504e-05,0.0003990076640673568,0.2418307012139097
116789651713844,0.0003490157755130532,1.5888174987720838e-06,4.0790019641308925e-05,0.21802518223989398
117390398386135,0.0003490157755130532,1.2406196900204938e-05,0.00016258501553280462,0.22951761495373124
220198801458577,0.0003490157755130532,0.0005490674318497686,0.0008747712841495209,0.22585432335571148
260933440643373,0.0003490157755130532,6.864711795073354e-06,0.000494230465090271,0.24567607041279113
414280728767306,0.0003490157755130532,0.0014359503169503645,0.001719452485988783,0.2355418452111475
76773076004,0.0003257480571455163,8.449777342615027e-05,0.0011154762459398499,0.2587704586200914
120984578858,0.0003257480571455163,0.00010818650236581495,0.0005730338355840496,0.22872683031560867
131043201847,0.0003257480571455163,0.00019348264530073413,0.000667673945564331,0.2543255348657436
117753738569185,0.0003257480571455163,1.4968253954642659e-06,0.00010262452946698746,0.23040164778578784
122797691248638,0.0003257480571455163,0.000256648209286245,0.0014255717659968786,0.23660053301747114
129879573711973,0.0003257480571455163,0.00023654958911873002,0.0017675392287461015,0.2410671953795095
182443691771352,0.0003257480571455163,0.00025940379943549676,0.0007587853618814434,0.24020270995726772
235086849974878,0.0003257480571455163,0.0006665693923949256,0.002134223094409638,0.23765363247182297
238699792924076,0.0003257480571455163,1.5096891659284296e-05,0.00039886812592104933,0.2500894294401717
249903348378912,0.0003257480571455163,0.0010853199082621848,0.0029682196644234497,0.23882572724846543
44428318380,0.00030248033877797946,0.00010672726075445184,0.0012893423614563698,0.251294551091242
48654660602,0.00030248033877797946,0.0003371851132188639,0.0005220145130143944,0.24363470041164811
55375096989,0.00030248033877797946,0.00013629334264934355,0.0008550342065814133,0.2568011203195666
67299922445,0.00030248033877797946,0.001058906009014427,0.0027903395839847583,0.2396520695860828
211919680353,0.00030248033877797946,3.1885345319877383e-06,4.774318196989387e-05,0.2162256200104382
259617042211,0.00030248033877797946,0.0014153736440630194,0.0010672592106260807,0.2330076863790697
340093714072,0.00030248033877797946,0.0009444969726693717,0.0007882409180438796,0.27551724137931033
407983411392,0.00030248033877797946,3.5297343882043904e-06,0.0002556218346120764,0.2397804977385265
150012808367284,0.00030248033877797946,0.0020898789932377398,0.0015925324555654597,0.23039927498172005
153964677960664,0.00030248033877797946,4.890544007582972e-06,0.00024754193336116786,0.24200597118255376
325524940890586,0.00030248033877797946,5.316586557061099e-06,9.33211592748973e-05,0.21782351738440417
383594785008126,0.00030248033877797946,0.0003450623289326646,0.0014341705152285367,0.23280401257050096
8860325749,0.00027921262041044257,5.011387919728957e-05,0.0004738451281457678,0.2550620211601605
20114386235,0.00027921262041044257,0.0002888327980042958,0.00015153318219731344,0.2309010217772732
53108014196,0.00027921262041044257,9.239090378593838e-05,0.0009286977892417388,0.24150177574835108
106154574485,0.00027921262041044257,0.00047802148931617446,0.002187594766108359,0.2302475171100705
281168802721,0.00027921262041044257,3.3254536846724886e-06,0.00029527014353323834,0.24453747526971045
122624624418852,0.00027921262041044257,5.133531149844281e-06,0.0003222940230901941,0.24475685137574532
123061011213236,0.00027921262041044257,6.002566084262142e-05,0.0003111370606927209,0.227997227997228
240822886041144,0.00027921262041044257,0.0012155804177274873,0.002914217827086544,0.23920365242122596
280920811923248,0.00027921262041044257,8.402895291050504e-06,0.00025062478415434336,0.2421526605186821
292949924146549,0.00027921262041044257,0.0003648024125245923,0.0018771410280009222,0.2348569149047849
344637645551128,0.00027921262041044257,0.002650405804386562,0.0015579612626305539,0.23906306768395633
467499760010724,0.00027921262041044257,6.2662085824366356e-06,0.00013220478683914134,0.22988789214628483
539753402762439,0.00027921262041044257,8.837510156569224e-05,0.0009541595799659841,0.2315726278090033
753542244699109,0.00027921262041044257,0.00043891071018520555,0.0020362920967406453,0.2374543601935977
5834919267,0.0002559449020429057,6.343328770709498e-05,0.000314761740472283,0.24463908845367363
56501027948,0.0002559449020429057,3.548563882428804e-06,0.00013986246720870704,0.23362573099415204
57639415551,0.0002559449020429057,0.000816497002803437,0.0005058330802615437,0.24660765660997144
275873817350,0.0002559449020429057,0.00011162950995525435,0.0007667927430128767,0.2189640997533571
354339424984,0.0002559449020429057,1.6387418076231984e-06,5.6804235715225517e-05,0.22163442010679507
102607669823762,0.0002559449020429057,1.7197185821110108e-05,0.0002206156244729454,0.21730093051265614
113544412001601,0.0002559449020429057,3.1608505252408844e-06,0.0002187321721512686,0.23547242892778578
134176153323755,0.0002559449020429057,5.700547974283603e-06,0.0003020458625287053,0.2430708721302926
159658557547960,0.0002559449020429057,0.0001877015979027336,0.0008094329798295228,0.24104901358675157
221336024625241,0.0002559449020429057,1.6855741035011728e-05,0.0004322123836525825,0.24791391939362373
382548655176036,0.0002559449020429057,0.0001089543860252568,0.00028997557741994583,0.22712229193315872
9299179711,0.0002326771836753688,6.472186701934177e-05,0.00035882563064584523,0.2542648345778354
35541499994,0.0002326771836753688,6.677214190429351e-05,0.0004979476978618902,0.23032574228884406
53674651369,0.0002326771836753688,0.0008565394017919179,0.001316914315958703,0.2390809511087363
84258068778,0.0002326771836753688,0.00011345849928748092,0.00027751838995683807,0.23421518231974792
95309701915,0.0002326771836753688,1.076723917467446e-06,4.899457136570328e-05,0.21727771572864565
218707647888,0.0002326771836753688,1.1299715720333245e-05,0.000225599212588099,0.23623327666494198
374111579728,0.0002326771836753688,2.7329744005680796e-05,0.0004938410558008696,0.25789643565269516
164878620263509,0.0002326771836753688,1.2306113379023105e-05,0.00013275071816744636,0.23171173783803378
176495442402406,0.0002326771836753688,5.435200266490223e-05,0.00019526746835634625,0.22279096168975374
295479040495545,0.0002326771836753688,1.0541696605629833e-05,0.0003086662860977066,0.2434120335110434
415494541850521,0.0002326771836753688,2.378074383418946e-06,0.00024517783392318426,0.23937513374705757
6130721655,0.00020940946530783192,4.8779625972809654e-05,0.0002232039038004097,0.23432802991421658
96623207231,0.00020940946530783192,0.00011709048004533095,0.0007796737397650273,0.2569308863725107
123192635089,0.00020940946530783192,0.0002936391626666897,0.0009790539141753866,0.23945712206190864
126339201288,0.00020940946530783192,0.00016287551078664436,0.0007768820993399584,0.22628150665533844
449072550051,0.00020940946530783192,3.3033242627846095e-07,1.3755194060802697e-05,0.2078467441493167
138113353016606,0.00020940946530783192,1.3212871656341337e-05,0.00038163556794450627,0.24179933638122414
167529403402369,0.00020940946530783192,4.543591335311009e-06,0.00017225634667658346,0.23682845498332716
210357995667559,0.00020940946530783192,1.2823444851187163e-05,0.000211459057569127,0.23102501084285096
274793152585613,0.00020940946530783192,0.00016106451342908282,0.0007296351885064294,0.2296566237232459
347980278556458,0.00020940946530783192,2.4562523753032128e-05,0.00040870001929553627,0.24373025384028763
354263831266028,0.00020940946530783192,4.467845074576819e-06,0.0002245421964032756,0.23861684994187102
521878704532086,0.00020940946530783192,0.0003157696639672956,0.0012756466756209093,0.22561744269304854
689907071131476,0.00020940946530783192,4.693788837815715e-06,0.00019928626003054797,0.2347435574582389
714016298647274,0.00020940946530783192,0.0013492712127745003,0.00044011705066454457,0.2377470775770457
33455892182,0.00018614174694029504,2.73555302794835e-06,0.00015171050974743496,0.2351160762140973
50236802693,0.00018614174694029504,0.00043870892211141414,0.0006249644995551795,0.23513584528876977
51936848856,0.00018614174694029504,0.00013144806637392558,0.000279231442628217,0.2379569652296925
59109969606,0.00018614174694029504,8.477546280351055e-05,0.0005478394523177196,0.22618542108987968
113201214447,0.00018614174694029504,5.310633560332056e-06,0.00015268392994990287,0.2340583576577425
131010790489,0.00018614174694029504,0.00024707805337604276,0.0010597806122003089,0.23657301172713527
206703882302,0.00018614174694029504,0.000101821096609985,0.0007922160704533591,0.2458137388476245
116933681791119,0.00018614174694029504,0.00035782397916053613,0.0012100035168144483,0.2254741891919131
168879986499653,0.00018614174694029504,6.848713586452291e-07,7.30432170508642e-05,0.2232043978409873
199938786716036,0.00018614174694029504,0.003150997054475772,0.0023952218394234477,0.24031882096398224
211524895670316,0.00018614174694029504,1.3009364027026335e-05,0.0002668360943143398,0.24184638668180097
231919626926856,0.00018614174694029504,2.951895451130428e-06,0.00014473378738716477,0.22912506016939604
320772408017742,0.00018614174694029504,1.5130268919450232e-06,0.00011010009825062414,0.22556739698127665
534770146604344,0.00018614174694029504,2.4339276531583624e-05,0.00018725194492573435,0.23059638417613226
554097581296943,0.00018614174694029504,1.26741425834423e-05,0.000284176904066971,0.2446952793454959
10674237167,0.00016287402857275815,0.0006434287025727418,0.0011805078493274943,0.2288157262229859
45809529741,0.00016287402857275815,4.156115413269881e-06,1.083422029288904e-05,0.20616694620049025
46347342434,0.00016287402857275815,3.4238594671690076e-06,0.00020110485034350507,0.2361086192521609
136314663191943,0.00016287402857275815,3.5113306893321093e-06,0.00013277123766627092,0.22595697404302595
187516444593639,0.00016287402857275815,1.6381101766185524e-05,0.0001883682204795893,0.2396392343370074
197311240419563,0.00016287402857275815,1.6855968593566596e-05,0.00012579959094236983,0.23483965779667243
230537773698519,0.00016287402857275815,2.73214031696154e-07,4.669372130330681e-05,0.22030960727931617
407577195956039,0.00016287402857275815,0.00021174624213744986,0.0009730090371280806,0.22082498445381055
6236054211,0.00013960631020522128,4.257003997397861e-06,0.00011950394174802449,0.22629066191940445
46129589757,0.00013960631020522128,4.2744105675850894e-07,3.718935567798875e-05,0.21844029799740278
122044727596,0.00013960631020522128,2.012255672279224e-07,5.369378380663096e-06,0.20168764198910966
343144130872,0.00013960631020522128,0.0002052799982883101,0.0012188278081600053,0.23251608343639898
108684239179404,0.00013960631020522128,1.0651663427103628e-05,0.00022201432204641865,0.21610656569071607
161528283857490,0.00013960631020522128,0.0018113711227293126,0.002362051763542034,0.2361086192521609
172143546163601,0.00013960631020522128,1.0585316749937409e-05,0.0001885863694113765,0.2247628998553287
326439917486121,0.00013960631020522128,9.81201750188407e-07,6.0175779577522876e-05,0.22187840920361004
357652214365312,0.00013960631020522128,0.001361459880772526,0.0012484282640310123,0.22837659885056297
409080845829193,0.00013960631020522128,9.947579414046323e-05,0.0008116286727440045,0.22615798305735832
569132726495630,0.00013960631020522128,0.0010425673087186315,0.00184934449762031,0.2314719971857508
702815073143116,0.00013960631020522128,0.00017822398643319829,0.0016010237332776593,0.2318462096481683
6683731553,0.0001163385918376844,9.943471613991374e-07,5.090656900770829e-05,0.22062246065243973
9351577890,0.0001163385918376844,5.074947881765461e-07,7.376238572879067e-05,0.22193123425192945
27088225427,0.0001163385918376844,6.787098522088458e-05,0.0002668464193831701,0.2274224372789005
106036541224,0.0001163385918376844,2.4677243395511124e-05,0.0003682394734303328,0.2251791609630405
161419311535,0.0001163385918376844,2.070452339174107e-06,0.00014123396557028244,0.22865669811224335
187432262698,0.0001163385918376844,2.8775354168654048e-05,0.00020001380219595942,0.21214736143378693
207770190801,0.0001163385918376844,0.0001728641062167279,0.0007315480930968815,0.22319771734142108
210413314011,0.0001163385918376844,4.014635316826137e-05,0.00015992970567296793,0.2170374179027736
100434040001314,0.0001163385918376844,6.274533561214892e-07,7.001172715232844e-05,0.22012751889168766
124978350989069,0.0001163385918376844,3.6575637846207077e-06,6.706754902703473e-05,0.22106282484535877
127331977364992,0.0001163385918376844,3.703547305929519e-06,0.00022824709342476556,0.23363793013419665
460197020720819,0.0001163385918376844,0.00020699652913808454,0.0012868515290317128,0.23336254015938582
472422969486331,0.0001163385918376844,3.7402147216137085e-06,8.1768685004366e-05,0.2239798165872412
963333907038551,0.0001163385918376844,9.150024976032625e-05,0.0003419699364208904,0.22520409498595745
23903715309,9.307087347014752e-05,1.4929564925357402e-07,3.889056313183474e-05,0.21830175055131634
36808884697,9.307087347014752e-05,1.6425061976985128e-05,0.00024980644519765884,0.23560882111338122
39846147446,9.307087347014752e-05,1.8426640270082596e-06,0.0001104698554710799,0.22689194945335794
40667713734,9.307087347014752e-05,3.252762975735911e-06,6.92422453165766e-05,0.21478494623655914
48990004850,9.307087347014752e-05,2.75256664026058e-06,5.039676148086887e-05,0.199452601923917
50513265848,9.307087347014752e-05,8.863135410750491e-05,0.0008893801355764512,0.22724225495175215
87445992218,9.307087347014752e-05,0.0002445340629042419,0.0003911301203615799,0.22608484750490127
101165966152,9.307087347014752e-05,9.02346399669295e-08,1.1891021480615967e-05,0.20710787717203136
133877811759,9.307087347014752e-05,1.62031384539988e-05,0.00019368142597826153,0.22712229193315872
154672041747,9.307087347014752e-05,3.6468793834619227e-06,9.621868904459058e-05,0.22579961444907598
197211981599,9.307087347014752e-05,4.723794934429475e-05,0.00017335148267794346,0.220183847410586
334162806080,9.307087347014752e-05,5.946508447517938e-08,1.7610803404421287e-05,0.20970342319373103
112325855474892,9.307087347014752e-05,2.4889951969395172e-06,6.305939833758375e-05,0.22223988238332704
123123377842466,9.307087347014752e-05,0.0003830213705039929,0.0008440581531514497,0.22523583718425
163121917034901,9.307087347014752e-05,7.156045245942886e-06,0.00012670434027638915,0.23247742458408238
201361186563476,9.307087347014752e-05,1.2223581147765154e-06,7.165860303902611e-05,0.22091220586347524
302825219754295,9.307087347014752e-05,3.1302062954306284e-06,6.57921752204709e-05,0.22060505660079674
355162344610121,9.307087347014752e-05,3.056713390566796e-07,3.4956301967185586e-05,0.21591260037059914
551987771496911,9.307087347014752e-05,2.988582487423982e-07,5.040634254833782e-05,0.218003936777689
568888089890063,9.307087347014752e-05,1.0501541886551441e-07,2.7481813907783608e-05,0.2133409621894817
58718055772,6.980315510261064e-05,0.00016041005926342586,0.0009381852719316089,0.22827639688175994
195974498373,6.980315510261064e-05,3.822585797049635e-06,6.165983795588391e-05,0.2220391635320623
103523196350872,6.980315510261064e-05,3.2448168955473127e-06,8.535032808047595e-05,0.22266900230910106
104538106289197,6.980315510261064e-05,0.00015313123232344567,0.0004920658081526751,0.25639203731505783
107078819420141,6.980315510261064e-05,0.0003356826815409932,0.000450670379256846,0.22409872684837376
114352081949970,6.980315510261064e-05,0.0001226625170398888,0.0006147144067035572,0.236926270306907
115919138428537,6.980315510261064e-05,1.2346879373347288e-06,9.978359174300428e-05,0.22561516740621218
119049414803510,6.980315510261064e-05,1.1944965673187528e-05,0.00028325465072674667,0.21522299611344134
193062840830669,6.980315510261064e-05,8.298974190261486e-07,1.6150665320229434e-05,0.20547391623806024
196601040368145,6.980315510261064e-05,1.395556839067616e-06,9.097670168579808e-05,0.22641433053334684
253683924759781,6.980315510261064e-05,0.00018419425868068196,0.00034524934664214224,0.21448430579257186
305986132775543,6.980315510261064e-05,0.0002963056525928213,0.0007829936803777216,0.2244764857570011
340005092689907,6.980315510261064e-05,6.88150026403871e-07,7.707913986257645e-05,0.22693107470710555
440522575997388,6.980315510261064e-05,3.4187960582053166e-05,0.0003915421870971087,0.21903913371256253
23489729942,4.653543673507376e-05,0.00020133215121197472,0.00038171618302534324,0.21470661624983206
49370991732,4.653543673507376e-05,6.0769989488230745e-05,0.00045491109385767815,0.21829962042485096
97464672662,4.653543673507376e-05,0.00014350826744194322,0.0005808523156170593,0.2175418125243096
103708747870,4.653543673507376e-05,1.5310674779899879e-06,8.11624557555915e-05,0.22538105840041103
103983379801,4.653543673507376e-05,7.0573678797712095e-06,4.762397791820158e-05,0.21551740747162976
213937547649,4.653543673507376e-05,2.1891239595679665e-05,0.00018793493436628257,0.2102513016183298
247174242966,4.653543673507376e-05,6.410014894099642e-07,1.4442835454273059e-05,0.20788923477210425
101988643193353,4.653543673507376e-05,0.00036070034080735384,0.0002945846759496977,0.21611491610235803
106313546083516,4.653543673507376e-05,4.926516359381312e-05,0.00011883282545382869,0.2090841121495327
107546629279454,4.653543673507376e-05,0.0004238611310642581,0.00033391824024243223,0.21590843289775907
144868455552699,4.653543673507376e-05,0.00010375821693730825,0.00038972908757072976,0.21559633027522937
159589220724202,4.653543673507376e-05,0.0005000434662024083,0.0009757322275163894,0.22675166982556785
188269334547151,4.653543673507376e-05,8.074639875087753e-05,0.000736749018043336,0.22431893154723112
216940628328775,4.653543673507376e-05,2.089277490479482e-06,2.5476403874564335e-06,0.19975178349806694
232621906875091,4.653543673507376e-05,1.0009135239741735e-05,0.00016482159760055883,0.21646831156265117
239156129595309,4.653543673507376e-05,0.0009140711855720984,0.00030205001338709194,0.21799119148770316
282658238745234,4.653543673507376e-05,1.2622823659414823e-05,8.553568346124005e-05,0.21465717410911325
297176423632270,4.653543673507376e-05,6.097451049634657e-06,0.0001373030483224392,0.23243877858471257
392195624197755,4.653543673507376e-05,3.851515629521867e-07,3.966135897748476e-05,0.21788079470198676
492037610911691,4.653543673507376e-05,7.285721970280563e-05,0.0006285058310790471,0.22260918019084766
554069604681993,4.653543673507376e-05,1.3024339698864771e-08,2.0581898922249545e-07,0.17578238561809054
599617463415786,4.653543673507376e-05,0.00011143950202101725,0.0005115042439227051,0.22152030338736348
6111063431,2.326771836753688e-05,3.478984172303116e-10,3.235884296985128e-07,0.1736093866401788
9583477694,2.326771836753688e-05,8.051469758983877e-06,0.00014382709714700872,0.20846456326059
71196565222,2.326771836753688e-05,3.563061227612087e-07,1.3564941537872149e-05,0.2070637888267743
73881494481,2.326771836753688e-05,3.0032946996693462e-06,6.856857607168626e-05,0.20742086817853103
83040292558,2.326771836753688e-05,5.997761544453416e-06,8.200526067170877e-05,0.22230613299415716
117272378049,2.326771836753688e-05,2.1881196248985847e-09,1.7741290756688083e-07,0.16930143859303937
238182898451,2.326771836753688e-05,5.925347419597215e-07,9.410644202085927e-06,0.2050952961560675
245481491808,2.326771836753688e-05,7.030087211019077e-05,0.00027436825616599693,0.21603352710558335
116849198376359,2.326771836753688e-05,5.808553437252103e-07,2.5623639109418215e-05,0.20949527109279895
146612062031906,2.326771836753688e-05,4.0427129092779805e-06,7.512431642886409e-05,0.20405892278925525
236123223432862,2.326771836753688e-05,1.0026523107428758e-09,1.7170626850065315e-07,0.1760105738517458
329417987110870,2.326771836753688e-05,0.00034183955949996787,0.0007022003400278337,0.22538787023977433
388117401328419,2.326771836753688e-05,9.086969118576595e-07,3.6878122154151914e-05,0.199074568428546
496932476988091,2.326771836753688e-05,1.0059990498156674e-05,0.000229992406180492,0.21394690536301736
516686618407950,2.326771836753688e-05,3.73423951768525e-07,1.819585132710976e-05,0.2083034608616307
815662028528813,2.326771836753688e-05,5.610938074758401e-09,8.982252157295931e-07,0.19665617693078533
