page_id,degree_centrality,eigenvector_centrality,closeness_centrality,unweighted_eigenvector_centrality
346937065399354,0.08946000000000001,0.936865128835174,0.3621311927304128,0.42424557727401097
15704546335,0.07917,0.009471645961647715,0.3591326342177236,0.22333340960248857
889307941125736,0.07279000000000001,0.17136193361742227,0.3559504035856339,0.32860923660536173
18468761129,0.060780000000000015,0.09894098547857913,0.35299281859144793,0.2686250724096045
153080620724,0.05997,0.0074839634231789924,0.3523986339386681,0.15364780908734632
114517875225866,0.054000000000000006,0.07866508908824822,0.3518945787753923,0.21623253163058628
205344452828349,0.0476,0.03874374809070514,0.34954723080075545,0.17010164443922235
62507427296,0.04222,0.06505182756852583,0.3466974303275092,0.18654580831610876
339226922847416,0.040490000000000005,0.009169773522727204,0.34754415076360345,0.10809875369035882
199098633470668,0.039720000000000005,0.006523048190399364,0.34701792331204495,0.06406482413686464
5281959998,0.037520000000000005,0.03800488173406899,0.3461297357278862,0.15911813363487137
124955570892789,0.036789999999999996,0.0232489688681723,0.34416008186309044,0.1339408280050528
21785951839,0.0332,0.010021575304776714,0.3432215066137289,0.03659797064051657
21898300328,0.033089999999999994,0.01945290439995437,0.34553921829092904,0.10422075373798768
133961323610549,0.03132,0.0025232440022809033,0.3402686540404874,0.08544723558421982
22067606728,0.031219999999999998,0.0024966734410573573,0.34318363732824464,0.0882250139972768
179035672287016,0.03112,0.001565842066379243,0.3406652918482005,0.08432512454248202
184859785026060,0.031039999999999998,0.0037218198406590007,0.3418419870380644,0.08177238457995044
5550296508,0.03078,0.040358640529552604,0.3452378715693567,0.1138542683546563
10643211755,0.02985,0.0289932897439007,0.3429322890533536,0.11986502090027308
341163402640457,0.028950000000000007,0.015215901978342515,0.3444867993168889,0.08063002288713152
354522044588660,0.02711,0.02043401597581288,0.3439100178714036,0.09090376304656758
131201286936061,0.0268,0.0006756309597758655,0.3387229107430552,0.06052818625142688
95475020353,0.024569999999999998,0.0049451105166014,0.3407639291624792,0.08032045419584752
407570359384477,0.02438,0.009191989878680938,0.34305656582265764,0.07027848445220998
9124187907,0.02424,0.027529521444091824,0.3413837160910373,0.09087476279522294
164305410295882,0.023080000000000003,0.007359001115703172,0.3429538959360984,0.05447764735371522
389658314427637,0.02259,0.002204620094370935,0.33907370165233514,0.06756952460886027
86680728811,0.022410000000000003,0.01780191202125016,0.34302954147199594,0.06730214527476087
228735667216,0.02239,0.010013317952825954,0.34211861580709146,0.06815915783712627
69813760388,0.02213,0.0023246130719963114,0.33780585616590564,0.07361557241333137
107705785934333,0.02187,0.0023670467227476033,0.3387808861975899,0.06945162923409628
226821494115353,0.02187,0.003149719338313048,0.3380235019064869,0.06250690351520842
177486166274,0.02141,0.08405664824858013,0.338483313819052,0.1061509151637327
6934857868,0.02128,0.0010054860434604966,0.3360617601155335,0.0576943624179623
112723252096438,0.020700000000000003,0.0017290971719803718,0.3373687906336337,0.06938134200668407
169676909894983,0.02035,0.001448324692764601,0.3400003169862097,0.04576784710806184
997108126967413,0.02025,0.0065689755248031926,0.3422342341182135,0.04400225656047174
24085780715,0.0193,0.011018222472208062,0.3349966004258126,0.07859071042325905
56845382910,0.01915,0.06997273654621784,0.3409133267663052,0.09694126828320686
20950654496,0.018570000000000003,0.007629036638544223,0.33909218445967493,0.05206588120610278
43179984254,0.01845,0.07215569929226053,0.3380759886016321,0.09159678040453957
142474049098533,0.01838,0.02222515134763056,0.33597360222707684,0.08422510885305302
123624513983,0.0181,0.0019057863896706734,0.33788973457006866,0.061514148051707365
7976226799,0.01809,0.014926491879116762,0.3363265115861571,0.07439630448142796
868219436604578,0.01759,0.0004926571750872342,0.3360436061802351,0.036102755741809704
165297924363,0.01733,0.0022261237557611693,0.3392639068023631,0.021646753558367707
295199098300,0.017159999999999998,0.006443567353656144,0.3402473841754497,0.04400012134361609
519305544814653,0.016710000000000003,0.0010455694157196402,0.338083863011792,0.05281522550805192
174742062548592,0.01635,0.010722725117772612,0.339833152651256,0.05548123942669242
59306617060,0.016030000000000003,0.008158167889914528,0.3408119355390004,0.04107373055500049
6250307292,0.01573,0.028552928946953382,0.33958403822656924,0.07347736381186587
38423635680,0.01555,0.014030966883508323,0.33429708081061504,0.06704305186609458
69983322463,0.015009999999999999,0.0002733966640864663,0.3330901167495999,0.033216666214018864
157750900979288,0.015009999999999999,0.007791463062463305,0.3371389353472228,0.04448640396354589
908009612563863,0.01492,0.016214975621929358,0.3390261836841413,0.0604057755732706
129255907131113,0.014719999999999999,0.0004540384058103445,0.33283043408492713,0.03674133025008298
799539910084929,0.014690000000000003,0.013896548869759506,0.3332226600029103,0.047295488951733314
12566691349,0.014690000000000003,0.010209150828661634,0.3398411091302523,0.03596486817813834
155869377766434,0.014520000000000003,0.018136854801094632,0.3407505964579323,0.058014754096727766
25987609066,0.01424,0.047911326806131777,0.3309484569766891,0.08033132953330213
307188559330028,0.014209999999999999,0.0007189179211822823,0.33535520701317545,0.030919735293129903
134486075205,0.01393,0.002455901541820894,0.34033779947127,0.034901985483022695
721683147909323,0.01356,0.0006842529021091991,0.330928336312514,0.03792318780245181
7331091005,0.01351,0.0034449805568986065,0.3388837096562965,0.0241971135824787
610045389164725,0.01329,0.07191488331080748,0.3346207594343525,0.062249421070174116
131459315949,0.01259,0.004265810027096804,0.34004279761086004,0.0353108591834894
232843448409,0.01254,0.013109733869302012,0.3344537041352267,0.05851908362075041
189885532970,0.012350000000000002,0.00072948620751101,0.3360436061802351,0.03981392948101053
182919686769,0.01223,0.0020423479118556387,0.33622523384113745,0.04603540474238495
979613892126968,0.01181,0.055994897317394855,0.3331563751934717,0.05775423333817376
440106476051475,0.0118,0.000877102543110292,0.3285711528214497,0.03829085383116761
153213781413350,0.01143,0.011686789827519256,0.3307498725687704,0.05260286760326249
36019593759,0.0114,0.00046160981059889777,0.3316895923543348,0.03621281520729246
423006854503882,0.011359999999999999,0.000663789849782241,0.3356938778333711,0.023377478840762748
138691142964027,0.01125,0.00032120466143227176,0.3285711528214497,0.02979251627193206
451075468389015,0.01122,0.0009957104920556928,0.33174013033212063,0.033170218197581765
133279166727577,0.011,0.0013752090367466613,0.33268803531108543,0.03543283813271221
1425604894326440,0.011,0.00449811193267365,0.3384754207906656,0.02638390676672113
114364638621903,0.01094,0.0004741440603365354,0.33300605743799205,0.031323445065416566
15139936162,0.01094,0.0007298701523446603,0.33155826564676194,0.034632059506491
9258148868,0.01091,0.006407385519924486,0.33330427752425656,0.044656314398718366
34226391050,0.01074,0.00868238931262673,0.3385201528194249,0.036517157815750205
513813158657249,0.01072,0.0013147039674899445,0.3301355223242368,0.02816754151141544
114270361928171,0.01057,0.05302890672612611,0.33170475213079403,0.0561910435470046
31160214090,0.01031,0.002350476790747133,0.3383465534154903,0.022797127531146953
10606591490,0.010209999999999999,0.004548788257907167,0.3377691724578349,0.038687573376630195
133352176797969,0.010010000000000002,0.0008797633878439588,0.3340355135362075,0.028579534847129794
111938618893743,0.00994,0.0008067610361897527,0.3334114612160308,0.03469017249795993
15779440092,0.00985,0.0004977679740482296,0.33336806903749594,0.03372590436285626
169204449790211,0.00964,0.0009490009624620118,0.3308654750027567,0.03726981481630533
591402597574018,0.00963,0.0005871848438808113,0.3273091321653956,0.03338996409732412
142125212473533,0.00962,0.0004529710123705046,0.3238838252689735,0.029459934944014426
380516878697366,0.009559999999999999,0.01967985113975509,0.3226527065167239,0.046717482999936236
292351509697,0.00951,0.0017145931574030437,0.3310239312632343,0.023603551659192163
21124264380,0.009370000000000002,0.0026323455823754733,0.33587512754083426,0.013541205659979511
62317591679,0.00936,0.027494365815123985,0.33816000122581713,0.04880689361882473
228702593913193,0.00923,0.0011546318364677461,0.32368640779792024,0.032548743798051255
31732483895,0.00922,0.0019669392642720504,0.3377534533075071,0.022175400499600626
146422995398181,0.00915,0.05398741998841289,0.33622263777791744,0.052025247329121053
219856014723410,0.00912,0.023602263651211,0.3346644783547845,0.027750900778051237
486474041433960,0.00912,0.0002451133492053196,0.3281675346975173,0.026532261714570057
158671177481084,0.0091,0.00047968797299879413,0.3266658209549732,0.02447639894451163
618786471475708,0.008870000000000001,0.002540332848517829,0.3347673914800161,0.027537561813013214
6622931938,0.008860000000000002,0.0032869799674875924,0.3335289320030355,0.026024139589350768
235203259169,0.00885,0.0008623117975025253,0.33017557349253945,0.03204997476796228
156720204453023,0.008820000000000001,0.0028003551830089856,0.3374812203149667,0.019195583192766413
167115176655082,0.008759999999999999,0.0018313894342517406,0.33622263777791744,0.024164100025673266
216709768355686,0.008759999999999999,0.0003372362498548416,0.3271026039372941,0.030850309521813127
197535293612901,0.00867,0.006377951429595635,0.33659168053126315,0.01610198512590632
13312631635,0.008660000000000001,0.0046002456339115,0.3345384959751264,0.020506803442489764
238680483163972,0.0086,0.0004758054829031631,0.31961898979276,0.03012539282968772
22561081832,0.00856,0.00037534444880334334,0.3282862885219539,0.02261257692208103
180213475460766,0.008520000000000002,0.0449656913070028,0.3332481611841349,0.04917599625868619
19013582168,0.008400000000000001,0.006036636434177886,0.33430734669822243,0.03390977916772684
39795225543,0.0083,0.004952739343109358,0.3375256899305136,0.01598775948577017
136264019722601,0.008280000000000001,0.0005557686616427278,0.32707557787254576,0.02634577685346526
13652355666,0.008110000000000001,0.006593796853544089,0.33853857532681825,0.032301970637354384
122560544447547,0.00805,0.008837547493427175,0.33618629710177617,0.02481279265354096
223649167822693,0.00805,0.011045079951487041,0.3217848253483317,0.03470781123849569
253546571389025,0.008010000000000001,0.06719372453026283,0.331778043923171,0.04700370527656351
289079127883350,0.007970000000000001,0.0005117286489782542,0.3277254384713826,0.028533387878545608
271042954725,0.00796,0.0006930332227922173,0.3294162592176407,0.029276886120609243
6363207806,0.007890000000000001,0.003165269845599668,0.3326804102439048,0.020711812390729303
10513336322,0.007850000000000001,0.004210436679901924,0.3321019260744911,0.024537535419864545
7642602143,0.007810000000000002,0.02025388426466031,0.3258371882824595,0.04509755200830039
166618413413767,0.0076900000000000015,0.00041470140033616896,0.3256105985953536,0.026846885774087375
8303218826,0.007640000000000002,0.00031133990449032665,0.3345102272518489,0.015221683474520452
325935647511804,0.007620000000000002,0.0003591270003280353,0.3219965955525754,0.025524626914634634
34407447433,0.007580000000000002,0.004067977560695372,0.32951347590701746,0.031935209483097145
38471053686,0.0075200000000000015,0.005661802734611561,0.3268423566514448,0.03522516240746907
545775132233909,0.00746,0.007303173156167302,0.3256105985953536,0.03409550689192042
20446254070,0.00742,0.004923607239866279,0.3357870675296809,0.020037647756997477
158924294183807,0.007410000000000002,0.0006065826886630216,0.32775503895355856,0.024162389520331277
214832449817,0.007320000000000002,0.0031400503217720185,0.3362823573764123,0.023006107445240623
21516776437,0.007240000000000002,0.00878074492614478,0.3297680064358953,0.03645508668622243
92925746942,0.007209999999999999,0.00043043814271474877,0.3309082180947411,0.02548967557326071
85452072376,0.00719,0.0004151739576109575,0.32821700501498285,0.028548635029248887
273864989376427,0.00719,0.02808627506652857,0.3364642432833308,0.04203233677076612
95926963131,0.007150000000000002,0.007777511101922311,0.33655786124188225,0.017726821903330983
195530355493,0.007130000000000002,0.0007647213183063493,0.3335570351084104,0.020756211818403873
29259828486,0.007110000000000002,0.007945735299038187,0.325248223999599,0.030548963200239913
131559043673264,0.007090000000000002,0.006561409887967689,0.3284175124185963,0.03059579138762053
475549362567960,0.00704,0.0003850788667670045,0.3300404397307123,0.025740257079991762
68771922854,0.00702,0.01562631105205575,0.330263219311647,0.01652591696005688
7533944086,0.00702,0.015548441285279409,0.33792119971171064,0.029231363288297823
311190048935167,0.00695,0.000730780783669574,0.3276021606576085,0.02700521538778344
12795435237,0.0069299999999999995,0.0009007627993201457,0.3312178062595815,0.02386944419987225
131929868907,0.006920000000000001,0.004167115472820161,0.3346027608457806,0.015362606644678475
190759221080032,0.006880000000000001,0.0035105045468248677,0.3357249353177029,0.014806851385680053
532854420074062,0.00685,0.0017227542201662376,0.3358026041761961,0.020205866455901354
221573484697614,0.0068000000000000005,0.0005372626054509712,0.3276021606576085,0.025489884208520736
5633824547,0.0067,0.00028975142580054,0.32723042400082897,0.019172116647613126
127559550648374,0.0066500000000000005,0.003065242177495412,0.3367192143505601,0.01880672784614939
513600888679373,0.0066500000000000005,0.000507247851233325,0.3238019400278128,0.02615472021227262
39442131319,0.006640000000000001,0.0013813176858972324,0.33658647712128303,0.01495581921181603
86973707921,0.0066300000000000005,0.002395395274422768,0.3350610414377248,0.019210085589234066
467133963318685,0.006540000000000001,0.0015583636279429536,0.3272255059973948,0.024327164763109633
304981108326,0.006500000000000001,0.013895355254195454,0.3330620922641858,0.028958403655677378
529525930430284,0.0064800000000000005,0.00028798429792290783,0.32601771087914583,0.018750109619641627
10664530778,0.006450000000000001,0.005416435122144148,0.3322539636110828,0.023872947989485416
338028696036,0.006300000000000001,0.008532879730472061,0.3374210741890016,0.022855817365648946
103551633078066,0.0062900000000000005,0.007445146002025794,0.32767858197425936,0.029383434001075924
114288853688,0.006200000000000001,0.0075174289836503734,0.3365214480681794,0.024556868901218942
200137333331078,0.006200000000000001,0.015049402822015088,0.3277599728871183,0.03616781947389269
38245492451,0.0061,0.002438846659094529,0.33594249872012216,0.014863371684217
444258668967650,0.00602,0.04300109778678594,0.32604944496703825,0.0288663215204334
18807449704,0.006,0.002924105797442175,0.3337590057281611,0.021947323430749094
253968658003230,0.006,0.001311272340662275,0.329820458600294,0.010565027838654406
240944029279128,0.00591,0.001485461726758533,0.3278216595927225,0.011877982566220314
5863113009,0.005790000000000001,0.007401947104899856,0.334179068403485,0.024081491627907993
22156858944,0.005690000000000001,0.0036010838068918937,0.3338562432989754,0.008308079295672864
7292655492,0.005560000000000001,0.00784461516223733,0.3234844246516903,0.029541799392758205
7938522410,0.005529999999999999,0.0032482881341683533,0.3355903943729674,0.01187329460473322
196087640574,0.0054399999999999995,0.0006423880660192037,0.3208010240044373,0.02367156547884296
89033370735,0.0054399999999999995,0.0026465863629647124,0.33309266466394843,0.012223207225852031
8358247707,0.00542,0.0020732962324765485,0.3323097455927099,0.014564105350139628
120745732681,0.0054,0.00017155133261032645,0.32451621522333124,0.013595969124481576
219367258105115,0.005350000000000001,0.012738382895898345,0.3366645451673282,0.027462597172055007
158352134203230,0.0053100000000000005,0.001191772915669164,0.33423036790625443,0.010823010305365992
37763684202,0.0053,0.01420660748316908,0.33137155683455394,0.029595588399027557
47016231622,0.00527,0.0033716091459669428,0.3251146652967617,0.012845257430375456
8719774366,0.005220000000000001,0.0031053164035344267,0.3250976747845229,0.011160515444563328
129930197818,0.00521,0.009695067704196885,0.3318690719089287,0.012021677211084525
5978057725,0.0051600000000000005,0.0002889373552826683,0.33140181965296384,0.005293086629220638
108038612554992,0.0051400000000000005,0.048690433021280184,0.3271026039372941,0.03103542855042577
163513530519501,0.0051400000000000005,0.003217372330782675,0.32888383311506353,0.018460517060555907
6491828674,0.005070000000000001,0.0076510193353338096,0.3327999098008744,0.02481615616466742
49867377595,0.00502,0.0004021921028065872,0.3248163760501733,0.016181474169830963
208421665712,0.0049700000000000005,0.0022228831017450878,0.3361318008147552,0.011594040428526338
44473416732,0.0049700000000000005,0.00032896739528505534,0.3252822382831811,0.017054086452977263
762592150466931,0.00495,0.02006102425326569,0.3243905063626059,0.03167841965498438
173347701125,0.0049299999999999995,0.00019232507015923844,0.3170059993509991,0.014955868885050039
429101477109798,0.004920000000000001,0.0033779036747743764,0.3244146735791869,0.021241416555216802
24718773587,0.00481,0.00012965499791651544,0.32487211210100314,0.014833177389842293
10018702564,0.00479,0.006080020383189863,0.32235414310085325,0.017458520716732658
268311603350722,0.004770000000000001,0.013065652494700005,0.32859346740957296,0.030026892549184732
18943096862,0.004730000000000001,0.0033634391530624357,0.3216897384310533,0.011919729003696764
217940775059524,0.004730000000000001,0.0007630554239999385,0.3280167422919193,0.010185435520607891
131247023568988,0.004710000000000001,0.0296883774161365,0.3235060536449399,0.028687505036261413
172530812092,0.00466,0.0008193547044840119,0.3318791892129726,0.0071778668602034195
630067593722141,0.00464,0.00011365282266054128,0.31403855114288515,0.014479328290000471
731244080298286,0.00462,0.02137661751878145,0.3238741895616658,0.02841324354679734
19182454196,0.00462,0.00011980895647160332,0.3189961767510965,0.014933212177286243
731743396857610,0.004600000000000001,0.0011139644128628043,0.3300004213378777,0.010295238175123348
286683382423,0.0045899999999999995,0.001718007201673724,0.33424576082845203,0.009602626009448362
18813753280,0.004560000000000001,0.0030590390572722698,0.3079533289570574,0.018539885073948274
114528955231791,0.004529999999999999,0.00962696577773276,0.32776490696922833,0.024296075416253966
369527829841639,0.004520000000000001,0.034349601173489216,0.32611293168013056,0.02656823830046953
14516439825,0.00451,0.009348315852171236,0.3243035341884312,0.020929938499034295
139398939438430,0.0045000000000000005,0.006080398131354644,0.3240959559826459,0.020471701470978845
568982666502934,0.00449,0.00027094063132718097,0.3281799008787588,0.012139694800859826
186219261412563,0.00447,0.009176359015043321,0.33030079605152113,0.0196548358468917
116548701336,0.0044399999999999995,0.002270328037444169,0.3340227021347533,0.012792794021488607
26595441166,0.00442,0.015341997641688119,0.3323604727412565,0.026678419524036465
235852889908002,0.00442,0.0017583126486816578,0.33200823893296466,0.012928487939650618
142868065759441,0.0044,0.00026521559062791166,0.3284323745647172,0.014020751408529548
150354326163,0.0044,0.0009323675115830374,0.3317199132930629,0.010811760739504106
16307558831,0.004370000000000001,0.0001583555443923646,0.3233667175186137,0.011986801840970361
6499393458,0.004370000000000001,0.0005737884383301353,0.33024819100954683,0.011534535430613533
125567187620459,0.00434,0.007769792188015504,0.3222992676097382,0.02075463612627065
6013004059,0.00428,0.003292265932311232,0.32635245013584085,0.011930644973573728
152308008195941,0.00428,0.023310242002795536,0.3297630118617522,0.02317617381794383
236963176319804,0.00427,0.0016155843658414647,0.331245521227833,0.008391801098684143
424717587573142,0.004260000000000001,0.0007912352272954027,0.32124358162225203,0.005993523428678215
115099421882868,0.00425,0.004008798709786336,0.32394165155534793,0.018405070785752854
109200595768753,0.004240000000000001,0.008625154854519883,0.3203973982720269,0.01985173117555942
8934429638,0.00421,0.003209119520656085,0.3157120269551055,0.02096007130766056
128472013912354,0.004200000000000001,0.0031666845783927798,0.330458711778636,0.006147446032694815
160389977329803,0.00417,0.003240814515576344,0.333095212617277,0.017177772362656978
142026122544366,0.00417,0.00026527618277378363,0.3231387536712266,0.010116999291789459
181135410243,0.0041600000000000005,0.00037492068939550303,0.3291772008107488,0.009164205169904932
281709225144,0.0041600000000000005,0.017644148708687427,0.3297555202842053,0.023986265515595996
254541051349349,0.0041400000000000005,0.0003699471392654971,0.3186786828341656,0.015196849339918059
201956993160690,0.00411,0.00042879331263682405,0.3289533984600648,0.016266673717249953
112779115408517,0.004070000000000001,0.003620754198984736,0.3336950645264767,0.009410531238649905
150799104953073,0.004050000000000001,0.000332268651294707,0.32685953002173274,0.011523495082890313
108924385822784,0.00397,0.0005780348422057756,0.3349991775903676,0.009470889292689907
10505090694,0.0039299999999999995,0.001290259767800797,0.3330366195510626,0.008178579198742184
246976735508369,0.003920000000000001,0.0004412382602299551,0.330586658957348,0.005387156145651601
210732882417014,0.00389,0.00027229066283032417,0.3211464457946016,0.011638723476985132
188355460514,0.00389,0.0001933441218883874,0.323905507706872,0.009794095328097554
20324257234,0.00386,0.01748400801007324,0.3210612042206918,0.023910545254145214
119984188013847,0.003840000000000001,0.000298722107384104,0.323174726592206,0.017261822087184717
468285376597666,0.003830000000000001,0.0006328753793378133,0.3148468842595996,0.0067740037345195925
160288360552,0.003820000000000001,0.0004448318216808701,0.3310793009557106,0.007680862524941971
295732903793433,0.003820000000000001,0.03496223156793555,0.3196659161575105,0.019129202847432396
174725429795,0.0038,0.0011249924942250962,0.3204634194826436,0.0054555136090220935
18356341358,0.00379,0.0034004378718685323,0.3344896711809033,0.011144280611462264
135665053303678,0.00376,0.000468899090496621,0.3254718767474041,0.013571199434064136
165583971161,0.00375,0.0024623692102379658,0.33188171863536997,0.007542606240303459
36400348187,0.00373,0.00022089472187640348,0.32649192379183506,0.007993617448119368
1439042583002670,0.00372,0.0005952147832885892,0.3148468842595996,0.006719402403978182
183356311699411,0.00372,0.00025658125756038424,0.3241345550610957,0.010056983179862332
171133359591663,0.0036899999999999997,0.00394796134614024,0.3241610972612757,0.008499795371796593
350771908311178,0.0036799999999999997,0.0002006198777903881,0.3210825103715907,0.010308451363413728
695526053890545,0.00367,0.0004439514092259379,0.3182547887480792,0.01272989342991241
352587308165634,0.00367,0.000336621177209118,0.32400914165913525,0.010899286687273343
159207208524,0.00367,0.0015894083494392545,0.3333706212059294,0.007775598976541943
147772245840,0.00364,0.00040652612953063485,0.3245089601407745,0.012051701710863245
93228695778,0.0035299999999999997,0.00011294672839178076,0.31255537123287896,0.011756021900195255
18793419640,0.0035299999999999997,0.001338605732273784,0.3328253463154137,0.01158830555526969
312383761871,0.00352,0.002685310292799952,0.3086168215668509,0.014869902804774592
300719666712627,0.0034700000000000004,0.005045372755659168,0.3276194139680044,0.016089412259544404
265719336797086,0.0034700000000000004,0.013193616358509856,0.3234195550213369,0.017198410127175448
12301006942,0.0034500000000000004,0.008499821257331614,0.3184363194782377,0.019420831414803885
123192635089,0.0034300000000000003,0.0001313252483284889,0.3230788165959996,0.011598828746272934
60447222345,0.0034100000000000003,0.007274012831040455,0.3197034671716657,0.015004770626594718
43279570822,0.0034,0.0007110202656525527,0.33267786863251664,0.008174645997558596
90240021027,0.00339,0.001398645986751566,0.3313337360830767,0.007583754654512235
42324160403,0.0033799999999999998,0.002001880933154107,0.3177369369081042,0.007502223094739311
6276351475,0.00336,0.0016275024885202265,0.33192219463799344,0.0086872293987041
184599864915751,0.00335,0.0038457872987049642,0.3119888130472497,0.012134642924254271
17414523278,0.0032600000000000003,0.0015887535281439624,0.32149023870954874,0.01044249085191477
6333396177,0.0032400000000000003,0.0003295142833765012,0.3297730011613357,0.01306189234642769
117521968329803,0.0032,0.0060422035388981036,0.3261617844395699,0.014544804011893663
523943624350521,0.0031899999999999997,0.00024084086779436518,0.3194501688963332,0.009775033350738012
259536274080316,0.00317,0.018731970974042583,0.31824083341811144,0.017328997690416136
49651563727,0.00317,0.00013126519266287744,0.3138280687817803,0.007791003115899041
27479046178,0.0031300000000000004,0.0012663007587420665,0.3171352873117856,0.009599033814926976
438956182828623,0.0031300000000000004,0.006647921591847774,0.31329069775097623,0.016852270938542156
118436878597,0.0030800000000000003,0.0002205266240094817,0.3068120257583946,0.008790775310725155
61308923432,0.0030800000000000003,0.006491568519137484,0.3298254549147726,0.018446655776644925
5718758966,0.0030800000000000003,0.0009956826654173873,0.3270239950573221,0.009369730229969233
33618597905,0.00307,0.00037647833739784536,0.3144808030610093,0.009251360301230072
211482380627,0.00303,0.0011747280711555856,0.3299479119225795,0.00586812505578317
149475666523,0.00302,0.0038293347057936937,0.332188063590456,0.012424810635147441
49370991732,0.00302,0.00025806256555272643,0.3301505403736315,0.006952448447715525
114945745226947,0.00302,0.010616581174597291,0.3177021643096106,0.019286666586030687
184749301592842,0.0029800000000000004,0.0032453581235820515,0.3194736055776287,0.011134725617097097
68174059444,0.0029800000000000004,0.0004550258052997692,0.3289360043650053,0.005130141586459173
353026650079,0.0029800000000000004,0.002613631033307345,0.30774439727523833,0.010409820481186183
309798029121030,0.0029,0.005116133248351447,0.3230740225905079,0.01567148124600261
328853823844484,0.0028899999999999998,0.007539372463908545,0.31284953676714344,0.015400394921753147
72391084613,0.00288,0.0007009873052316988,0.33074233608551085,0.006431346471343182
242181938605,0.0028699999999999997,0.0001656849376426277,0.32839522172126284,0.004655578758032266
168744703121,0.00285,0.0006791655182699463,0.32900062027819044,0.005787238034539094
143928478973403,0.0028100000000000004,0.00010122795147031623,0.317477485120354,0.007613718185369711
644891892279936,0.0028000000000000004,0.00013108455194927674,0.3140883839704149,0.008260628805001415
117383481635060,0.0027900000000000004,8.172186505653241e-05,0.300917849316732,0.005902030945457551
9335481377,0.0027900000000000004,0.000734203757455743,0.32945115091564103,0.005561611226975647
55326701544,0.0027800000000000004,0.0004819892623536667,0.3297180675017155,0.004769819264937848
43659862830,0.00274,0.002893509538814473,0.320180662839656,0.00823888496818329
413605605357873,0.0027199999999999998,0.00011977158678068294,0.3066003217558013,0.00964043754718531
259955926518,0.0027199999999999998,0.000672915825415359,0.3072579907766961,0.0028343959075349608
419846804712840,0.0027,0.00011136202857598565,0.3202701484420589,0.005163819381255805
99881661864,0.0026899999999999997,0.0002560352530943813,0.30255914147342383,0.0018389733438634146
49978948774,0.00268,0.002059088237013977,0.3308830737620984,0.0100043171469202
273863336077899,0.00266,0.00015084309130942932,0.3141382326157787,0.009518740077640349
75928194876,0.0026300000000000004,0.003175385170731116,0.31584484311504946,0.008257038071379287
10498053716,0.0025900000000000003,0.00020890504952978092,0.3264527612581973,0.010410400508065583
370870329165,0.0025900000000000003,0.0002539761025660267,0.327132092011271,0.004447652161119492
109880029049898,0.0025800000000000003,0.007754855516571916,0.3223684615197,0.013080376536424704
42354254341,0.00257,0.00037963038005050403,0.3289086745032824,0.004337038933471078
531120203583969,0.00255,0.0001976744055675048,0.31256434519852505,0.009319990147481628
479687202044787,0.00255,0.006436519280935868,0.3100274504764843,0.011272867191101255
186473214703370,0.00252,0.023973997778056942,0.3193728522393337,0.01719486484271269
737151126362683,0.00251,0.0006155367395515402,0.3139321430604992,0.008359892533452715
570092813023833,0.00251,2.278419201904516e-05,0.3093073449505824,0.0032591109412804155
7040724713,0.00251,0.003524750181959005,0.3331461798710141,0.007881294493054747
140738092630206,0.0024700000000000004,0.00013893750116684422,0.3263671259615012,0.0067335324885264905
40656699159,0.0024600000000000004,0.0005143737965379239,0.3290602882727245,0.009841588329019794
367105936678679,0.0024500000000000004,0.009146382225126438,0.3253916181106622,0.009420748880952585
40667713734,0.0024300000000000003,4.8741036948749656e-05,0.3185061941437659,0.004583437419032619
14425952749,0.00241,0.001383943044281026,0.3300404397307123,0.008279416444753085
264972983556381,0.0024,0.003055039107330402,0.3319474971535644,0.008882123040135703
202859009728184,0.0023899999999999998,0.0006113852606618483,0.32818979449479635,0.004706834681235455
131004177063779,0.0023899999999999998,0.00011019103905352076,0.30527413164883305,0.008613512546323582
326683984410,0.00238,0.0015545873374891036,0.3302932800194959,0.0047040846739873484
8810407571,0.00238,0.0018148885801116891,0.3287770578901693,0.00913769797992983
15483865491,0.00237,0.0012869537678807832,0.3115490793683239,0.010979069036874031
17548474116,0.00237,0.0002844634135696668,0.3266878774872767,0.003359770316562174
425390150874429,0.00236,0.00013878606706699078,0.31182572135964964,0.007441221706152047
528930603826623,0.00236,0.0014523783968917426,0.3139411962600641,0.002948682643097584
35590531315,0.00235,0.0007192370319523476,0.32917968921415824,0.004374429598946696
210277954204,0.00235,0.002161721240038763,0.3225332148081098,0.009361826026960946
317179665134793,0.00235,0.0008365352398128223,0.3127079987637587,0.007260021649422647
52150999700,0.00234,0.0008336299971887957,0.3280538095416952,0.006861706685802467
620332914649716,0.00232,0.007761524709630597,0.3117297334291433,0.011619161956976442
296856040436954,0.00232,0.0004519810149775254,0.31513397764409823,0.009447081153421846
6851405967,0.00231,0.002814513912330261,0.3032481334701773,0.010381271112265559
180058246050,0.00231,0.006530126409300664,0.30303920858934563,0.012025053174741
6879409364,0.0023000000000000004,0.0008100837232188295,0.3237176896354745,0.005590894691835901
1565918810345070,0.0023000000000000004,0.008947192934728208,0.3195415914044837,0.013046382613872878
114114045339706,0.0022800000000000003,0.007250741982780333,0.3205884627260669,0.014438926529302372
316913578439861,0.0022700000000000003,0.0001988474746521033,0.2984859607426977,0.008449536235899167
19003252165,0.0022700000000000003,0.024049776746506785,0.31209390759354183,0.011475539665225094
574747565911344,0.0022600000000000003,0.00015882472173021578,0.32234221205673463,0.010694487685119167
54172246106,0.0022199999999999998,4.075643746794121e-05,0.3211748697119468,0.006188436658974384
263743636076,0.00218,0.0008419600710028528,0.3280562809895494,0.004830446875912029
9034820804,0.00218,0.001750206923560372,0.3274494249124915,0.005204375514203955
143666524748,0.00217,0.0007850425589179374,0.3210517357279014,0.005813148290789235
19420215926,0.00217,0.000196586361552406,0.3131577684532843,0.009092933450881767
353967728021064,0.00215,0.005538060856088999,0.3160351021170457,0.012381613405156202
895688690505840,0.00214,0.004611783900204277,0.31871366953344515,0.010247300348601402
367271796750940,0.0021300000000000004,0.005794525482392459,0.32740018569323603,0.007571371381937095
20980557060,0.0021200000000000004,0.0008362301031012986,0.3284175124185963,0.004593888571176718
7382473689,0.0021100000000000003,0.0004937536937930297,0.3226718334069418,0.005313638286036453
134193140910,0.0021100000000000003,8.167715719005215e-05,0.3179109141392336,0.006526207627557128
769354053132340,0.00207,0.00015619299283541635,0.2883274277720966,0.009064163253862766
369116414061,0.00206,0.00027939158722309706,0.3284645804963345,0.0034646694199058797
443476065755081,0.00205,8.018028427570363e-05,0.3184270051725233,0.004219531973130827
19875021647,0.00203,0.000448213787127915,0.3213929536816529,0.005154860832595401
19750633611,0.002,0.0033827493515827304,0.3201924344039436,0.01135075089888317
23237898444,0.00199,0.0005992418027694407,0.32871252975410226,0.004481407826644532
32616834014,0.00199,0.0016042257254158556,0.3305490171505263,0.004328389618256161
49961993286,0.00199,0.00022032990941040883,0.3163772271208814,0.004584380801438412
17614953850,0.00199,0.0008671396887085379,0.3257591863596772,0.006490687862162609
358168880614,0.00199,0.002914728227414406,0.3174034338455113,0.011578549524697028
417576561609357,0.00198,0.0005375603173518635,0.324429175637661,0.0032404343808949657
442430012490396,0.00198,0.004478316492491879,0.3301780770132223,0.009348619667185778
282024895179874,0.00197,0.00013069815255538673,0.3202889938903275,0.010186779291276617
8304333127,0.0019600000000000004,0.0011137042990348163,0.3294735851963267,0.0069230633752906685
59404413854,0.0019600000000000004,0.0016820374722014287,0.3290776955148502,0.004295732539892451
279933092023507,0.0019399999999999999,0.0010703037323588588,0.3072840092854821,0.003323923868334557
7741299484,0.00193,0.0005287668720110167,0.3024960879579192,0.0019503880821984724
444654488901592,0.00193,0.0009670342421762313,0.3077704982302221,0.007250935523288097
89613772643,0.00191,0.0008806066199664289,0.30609170088990645,0.002201557440555639
72447968144,0.0019,0.0007759737656923119,0.3290279654227028,0.004492394093127966
140647865392,0.0019,0.0001059367092592746,0.3175724138277219,0.004751689665221227
19440638720,0.00189,0.0006550989913952549,0.31547415334797,0.0063599372789342554
313774828684270,0.00189,0.0021030389340469407,0.3099590397569201,0.006205848841430053
10584534401,0.00189,0.000967402869781005,0.3122707154868342,0.0043468055247263965
10128918116,0.00189,0.0019163242131947126,0.3105581054858045,0.009900440255236438
105702905593,0.00189,0.0015715993408891447,0.3229709858734332,0.006762759892881734
57138815724,0.00188,0.0004895551929734752,0.3239657519360058,0.004006163794298626
281849238620927,0.00188,0.0003499941001025284,0.31102169953645564,0.0023311329575578924
98658495398,0.00188,0.004066559602984787,0.3240935438454777,0.011119676790908853
240984512605919,0.00186,0.007395570395904831,0.3138054530690288,0.010500204555052156
125955227438903,0.00186,0.004771295226567141,0.29881573082349683,0.010124320251204829
334162806080,0.00185,0.0012138942810922984,0.3024687729287738,0.007884360142314566
117753738569185,0.00185,0.0002471958439643373,0.3148810346105893,0.004306776500417983
120680396518,0.00185,0.005498205064122385,0.32332590036234404,0.011450725566290941
268914272540,0.0018399999999999998,0.008528775177107184,0.3257981826523039,0.008446740361891731
114431401958534,0.0018399999999999998,0.002282614958406304,0.3257981826523039,0.004752411053120542
7962048097,0.00183,0.0005800913823922168,0.3197269410358662,0.006332159470841593
47689998796,0.00182,0.00029256372612049877,0.3284571477976724,0.003449294667443914
52902998700,0.00181,0.00021873575237949387,0.3284348517198489,0.0038847937839618977
115777632950,0.00181,0.00018610612501172968,0.31796894889575505,0.007653755491189459
77710564137,0.0018000000000000004,0.00016734712678244252,0.3269429692119147,0.0036066189225269097
70644859198,0.00179,0.0009739431561130432,0.32370806381072265,0.0037643673584704393
300455573433044,0.00179,0.0002322886320423584,0.3163933183258821,0.004874906290395634
21090771700,0.00179,9.11706024950427e-05,0.3116048144509148,0.004353788549321292
80562389320,0.0017699999999999999,0.0021604848012594154,0.3126271773897365,0.008524547035858901
49940376408,0.00176,0.006124186108432911,0.3307448482084356,0.0067678368904898565
164665060214766,0.00176,0.0006818663788305999,0.31376475299909795,0.003537644082166753
21626405048,0.00175,0.00010666813416613155,0.3167938263948981,0.002767309035666905
176999952314969,0.00175,0.0021733974900870826,0.31256434519852505,0.008584488432716537
7833534974,0.0017400000000000002,0.005570929573026827,0.3056834425359352,0.009466901407343742
112883682080346,0.0017400000000000002,0.00019159639191693845,0.3101665717989103,0.005813784164684836
165284543530775,0.0017300000000000002,3.970813949739324e-05,0.30802957255274593,0.003868080875018358
151159641657421,0.0017200000000000002,0.0005355938394834019,0.326389142175012,0.004528098332179223
48573742500,0.0017200000000000002,0.0008309273155301289,0.3244195074546216,0.004222430700597206
30116744273,0.00171,0.0007376878812733361,0.3228895614971679,0.003935453031807677
74758790293,0.00171,0.0008444616579164737,0.32623509102852005,0.0032656591451922824
108084519236943,0.00171,7.18916605801006e-05,0.32157095878100433,0.004452715765745655
233116802464,0.00171,0.0011523793542865058,0.3265555829531886,0.00542777239343748
162245191716,0.0017,0.001815864465661016,0.31540103356680305,0.006354133048916494
70072372362,0.0016899999999999999,0.003058794666750205,0.32275554022161923,0.008113648272628223
115222941001,0.0016899999999999999,0.00045733544306811584,0.32624486773016803,0.003808196959674205
193562797359225,0.0016699999999999998,0.00013216389891980996,0.3090548912717333,0.005691012859268214
253645602134,0.0016699999999999998,0.009443017096649093,0.3074423835343769,0.008470422076660782
48654660602,0.0016600000000000002,0.0006632962893942973,0.3195415914044837,0.004748975090857974
167423346623633,0.0016600000000000002,0.0002308905618427001,0.3086036986619868,0.003160780152933274
186625219983,0.0016600000000000002,0.0020088206016418294,0.3095360062969396,0.004769634330452857
60894670532,0.0016400000000000002,0.001861075648619572,0.3256300777919882,0.010276402393130346
124016042296,0.0016300000000000002,4.024276149457215e-05,0.29147712345987875,0.0043869372624842345
84169421673,0.0016300000000000002,0.0007236764119616598,0.3223899415331276,0.005777484362152241
91686597689,0.0016300000000000002,0.0005289004045494744,0.32657762460092404,0.0033248808582527897
436749055071,0.0016300000000000002,0.000568955178878752,0.3201029922178425,0.0050052376070094835
114787771891255,0.0016300000000000002,0.00026849023488598043,0.3237369430024892,0.003199074448913509
6236054211,0.00162,0.002704126007143301,0.2936787978988458,0.009828869743839655
90018331599,0.00162,0.0003812641440627439,0.32527494890922565,0.00260169670634967
131149920304237,0.00162,0.001373518611480276,0.31924407427961066,0.007905354659697102
6651543066,0.00161,0.0010045735626110052,0.3246057212555512,0.0053153278750670795
13642915529,0.00161,0.0008626604852799867,0.32775503895355856,0.004516292646816375
80256732576,0.0016,0.00012799120011469623,0.3193728522393337,0.004262964614281227
272663052744040,0.00159,0.0006689522509465461,0.32528709804732525,0.0029430941657824197
246619938739669,0.0015700000000000002,0.0025024275072251328,0.31830829551982104,0.004009273543024634
215199900044,0.0015600000000000002,0.0018402495911443426,0.3255132375591037,0.0033611285243385163
203805062990264,0.0015600000000000002,5.234607097116695e-05,0.3149835301280706,0.0032265688663720036
141513472571212,0.0015600000000000002,8.600005996249801e-05,0.31775316672577514,0.005469831777484793
114896831960040,0.0015500000000000002,0.0004469523397285265,0.3276588569310437,0.003912254056097497
124538510989702,0.00154,0.00020955972085341383,0.31954393625943645,0.004443906034733364
463855417049923,0.00154,7.887034284485992e-05,0.3165681282535309,0.005083325790221592
153964677960664,0.00154,0.002832483318375433,0.31077753027173843,0.007565227662752652
266790296879,0.00154,0.0009066167410311364,0.3179109141392336,0.005555564230452821
140964492685424,0.00153,8.9223731392529e-05,0.3186227200896359,0.003345457293726461
72924719987,0.0015199999999999999,0.0002799020364401476,0.3183641478584011,0.002174940335293904
50978409031,0.00151,0.0008811109209619098,0.3251535074229522,0.004170414978517092
19799718480,0.00151,0.0010391012946811288,0.3172461895290365,0.005740697308952614
370328643059107,0.00151,0.0039376473404357576,0.29091436052397085,0.008143745155579345
414280728767306,0.0015,6.265481888307174e-05,0.3003885157149925,0.0057487577725873285
357191544367570,0.0014900000000000002,0.0006404314037930946,0.3148423314391401,0.004474844760770732
192518057471204,0.0014900000000000002,0.005419192631164782,0.30020420604850184,0.008248088625250196
6593503709,0.0014800000000000002,0.0007471836845220168,0.30480616395380394,0.006374825646597751
134525006573190,0.0014700000000000002,0.003786386539211212,0.3236840017531364,0.008869896678637745
6233046685,0.0014700000000000002,0.00011755004808914692,0.3216160847136745,0.002336377993760488
45168721640,0.0014700000000000002,0.0012720923426992176,0.3250127488541266,0.007924401444137679
195974498373,0.00146,0.0005448349078902179,0.32757998049996284,0.0042256091796346335
398926776798256,0.00146,0.0007369874172506464,0.3171214299862747,0.004873951345761277
195021667212814,0.00145,0.0005951717151072778,0.3262228709754413,0.0036166860472238212
359772106595,0.00144,0.00029438481875032483,0.3010884630261419,0.0017908251505028407
260933440643373,0.00143,0.0010992487424581023,0.3029633072628499,0.007286235419381376
408250066356,0.00143,0.00011365314758829146,0.3087043361289842,0.0057232882147149515
128334087241432,0.00143,3.3398042393725345e-05,0.2863009378772708,0.003898554262702867
6521822915,0.0014199999999999998,0.00043517166706761565,0.2911477696769642,0.0012312936506331377
114050161948682,0.00141,0.0017020299244803882,0.3301004855217947,0.005674787079853587
7656215652,0.00141,0.00250092288929737,0.3013426612863289,0.0069619551531407324
240822886041144,0.00141,8.40622140562126e-05,0.30527627178330663,0.004496304805671211
195768000454891,0.0014000000000000002,6.251128242668826e-05,0.29785712007449144,0.006565864097103094
747754388695524,0.0014000000000000002,0.0011476622667975392,0.3156090568616957,0.0036119250885855024
103355973074163,0.0014000000000000002,2.567316245448772e-05,0.3065290994115164,0.0040596092017416395
220522928130438,0.0013900000000000002,3.601790671725305e-05,0.30071004532089146,0.0044227972796726895
5637143257,0.0013900000000000002,0.003432740017685702,0.3139819421205971,0.005310307229690183
96623207231,0.0013900000000000002,0.00037349209470033726,0.3197457226092726,0.003259257164117097
339251532832846,0.0013800000000000002,0.008153094496245555,0.30876124721500586,0.009161285894279449
132812533432684,0.0013800000000000002,0.0059173101074560955,0.3043119798304639,0.008064859991536008
437674196342052,0.0013800000000000002,3.014696677501662e-05,0.3120603590892337,0.003585070473766927
42870397984,0.00137,0.0003107506720209286,0.3021896023084765,0.0037100733284397528
29790827612,0.00137,0.00019002373761599668,0.31983261609652786,0.0025277688059855983
222983281133636,0.0013599999999999999,0.0005244645829617738,0.3252943879658185,0.0026683266781239714
261323008476,0.0013599999999999999,0.0005257815314909063,0.31769984640698584,0.0018651316776445927
791373644322801,0.0013599999999999999,0.000426852337913482,0.3108263334500417,0.0020537179697687584
123929004309642,0.00135,9.737633426228907e-05,0.31582193580518,0.001558884232211816
106368016062691,0.00134,2.419950957866985e-05,0.3020030765133857,0.0024268260131512843
57972945858,0.00134,0.00037604299412521947,0.3274962158910861,0.003801501798968125
153005644864469,0.0013200000000000002,0.0060784409098884615,0.31079083870953,0.008998165778544115
26423400230,0.0013200000000000002,0.0020013202081281003,0.30369014452340903,0.004922908013521866
891358407543844,0.0013100000000000002,0.00031596981598527174,0.32303807208372665,0.0025376010185875473
145184572013,0.0013000000000000002,0.00030731223166411466,0.3262204270746814,0.002970648783801924
46522519207,0.0013000000000000002,0.0018601639493832547,0.3253891866486605,0.004197993128166786
131110227015527,0.0013000000000000002,2.1058899694485376e-05,0.3071214658611093,0.0016831540284018415
6321831972,0.00129,0.0016117991470949488,0.3232275013665353,0.003938470187548217
395952163902381,0.00129,0.014641048159867628,0.292243944590901,0.006856378158745084
95309701915,0.00128,0.0008771844528046651,0.30360756622974355,0.004726467887854679
34521916336,0.00128,5.105790111255721e-05,0.29468442809815504,0.005934170503937076
39114729405,0.00126,0.0002247779144079106,0.3157188940170188,0.00217498600505873
197311240419563,0.00125,0.0018772226993641762,0.2843250111675561,0.004740369492590022
149126144574,0.00125,0.00019651317412209908,0.3238501028015477,0.003002810246094723
112415152112864,0.00124,4.0083311786542455e-05,0.30864525835645984,0.004724611100373654
116056801813862,0.00124,8.302969935430587e-05,0.2956929531889704,0.003375544515088309
163313620412982,0.0012300000000000002,3.634365791095982e-05,0.3054604356718236,0.002659628562160285
46347342434,0.0012300000000000002,0.0018405621115435784,0.29004626311991283,0.007334708889975204
215148520550,0.0012200000000000002,6.638450884265412e-05,0.2802950046689709,0.005138129840600949
67959238836,0.0012,0.00043619086408736956,0.3171052646370038,0.0023236345197028842
103983379801,0.0012,0.001477910251613004,0.3063910655018369,0.005240720306578217
596635807026540,0.0012,6.783945023613749e-05,0.3106201335904893,0.003647524401478015
751413538254047,0.00118,5.486347238823789e-05,0.28785855154967865,0.005235971398782073
272030711614,0.00118,0.0008815780300380022,0.32188472712915794,0.0023760902544829278
123159412963,0.00117,0.002098268391088226,0.3105381731414779,0.002784707651347866
456740217686384,0.00117,0.0031850025561797404,0.3174057474249521,0.006238643738563951
289189664545158,0.00117,0.00019893568264701456,0.28853758243974564,0.005911657971744612
52946962893,0.00116,0.0014443078838406293,0.3045972180976585,0.003268437472965201
8057684437,0.00116,4.496019427181499e-05,0.2905979118627292,0.003867102026226851
6204742571,0.00116,0.0006983585893969353,0.2993168978939069,0.00538512898841494
145170355529600,0.00116,6.644865516036748e-05,0.3017122211487784,0.004117918344569329
117390398386135,0.00116,0.00013049369372326723,0.3212862451837009,0.0025715189351444424
143753582359049,0.0011500000000000002,0.00011859620059234441,0.3096064316667578,0.002424034875142772
167847008004,0.0011500000000000002,0.0011216947616622028,0.2953680324081349,0.0015478226648174423
125342830842328,0.0011400000000000002,0.00014426491912427792,0.305874543670606,0.0037436296907289806
333712010138815,0.00113,6.965400255254705e-05,0.3106289967710433,0.0037123169128525845
23489729942,0.00112,1.80583028149844e-05,0.303868158124891,0.002800565028458815
6165653060,0.00112,0.002532188947172484,0.3157349183232752,0.00482536318382195
9586347482,0.0011099999999999999,0.0004571272398811785,0.3245113784655822,0.0026882552074576306
370787006340754,0.0011099999999999999,4.361404595860932e-05,0.3067558309025097,0.0012551382903105896
168311177572,0.0011,0.00030683362338624584,0.3247146465069913,0.0030630018945107156
107699875915002,0.0011,0.003007869469530899,0.30720163245360843,0.005825958982639957
6181619439,0.0011,0.00017661701038320328,0.31957911321385685,0.0024941988022363186
71179904752,0.0011,0.0011498356562472491,0.32221341303456896,0.0036853161383930753
12616252196,0.00109,0.001005838099279137,0.3071106357467553,0.004034336657536131
138569239368,0.00109,5.625799036379281e-05,0.3142810685815454,0.001762092387135967
14827657177,0.00109,0.0010477496568907254,0.32205851362404503,0.0026437313598774797
149131141771785,0.00108,0.00020334712144912142,0.31636343596210725,0.003409927476788743
208763874023,0.00108,9.536269883452982e-05,0.2957552108904524,0.0034093628025040606
359591544295,0.00108,4.79474221900441e-05,0.3017958631056073,0.005063925512860292
137767151365,0.00108,0.0008813808905057774,0.32623264694466425,0.00317656928664331
11897558895,0.00108,0.00012107680789612952,0.3170891009357148,0.0024424595017750275
171577161630,0.00108,0.00011761905198997595,0.28050264330410113,0.0009673387540253865
30911162508,0.00107,0.0002958388242807421,0.32332590036234404,0.003027206145853531
203055485347,0.00107,0.00011864446748036026,0.3169575435388037,0.0018590233842981372
115853591820469,0.0010600000000000002,0.00032693502520353244,0.3215234714777277,0.0026875165630450833
38342932750,0.0010600000000000002,0.0004473213939946133,0.3206852612544532,0.002296720255539223
7629206115,0.0010500000000000002,0.0008185290228420986,0.29910924382124565,0.005499695953501453
193266897438,0.00104,6.690427587368869e-05,0.30947221097410826,0.0034042061101565765
21472760578,0.00104,0.0003082449804704473,0.3292991768373355,0.004548696112487526
6028461107,0.00104,0.0003036628613988,0.2898242606223086,0.001908269864621893
41093998634,0.00103,0.00020868602546340827,0.3195955317765332,0.002186422564484621
89686424098,0.00103,0.0004178973732186612,0.3252287904598149,0.003037289217754234
59344923821,0.00103,0.00048583257251582366,0.3122035496610587,0.0022250709975106253
834027803299371,0.00103,5.476063875250909e-05,0.3033051629897041,0.003224451357550028
13310147298,0.0010199999999999999,0.0010025951845391528,0.3227746793061297,0.0035138165044621156
81047727472,0.0010199999999999999,4.129673872189585e-05,0.307687860390606,0.0026127956015615968
10716057521,0.0010199999999999999,0.0011222923053467646,0.31729704563843464,0.004720879984484986
54444461143,0.00101,0.0002696320976308995,0.3224806664902917,0.0023114155068265176
41632789656,0.00101,5.765694168898203e-05,0.3120983812724669,0.004345943336479251
228565633877379,0.00101,6.748323774550201e-05,0.3046675454188334,0.003992746295979923
224319224261399,0.001,0.0007558159001961189,0.29416684240540103,0.004561152151273961
97212224368,0.001,0.0008795850859063617,0.3289931633003321,0.004365219310935587
598356233569407,0.001,0.0019255011211663949,0.28667790632338674,0.005714313313548177
76378187097,0.001,0.0003876416915487793,0.3173756735227366,0.002204920389836221
13152108058,0.001,0.0009168074794521773,0.3180572023172095,0.004180758763422906
155626841228459,0.00099,7.74385343819913e-05,0.29225571300089137,0.003919073582524968
5953023255,0.00099,0.0002356812647508573,0.3121050920313379,0.003363288061816999
569132726495630,0.0009800000000000002,0.000222498601408986,0.2965346403435558,0.004478979321062415
687958677914631,0.0009800000000000002,0.0009848655726451038,0.3031531319141774,0.0052414152752740615
49727872493,0.0009800000000000002,0.00017207355811977768,0.316349646005618,0.0019283835819591628
18343191100,0.00096,0.0026397025681904928,0.31949938989929977,0.005909353686876191
6030918854,0.00096,0.0013021054482586214,0.30819307888140074,0.005224505240648777
451151401602780,0.00095,4.6977502741495394e-05,0.2944592537849327,0.001937022478119705
551987771496911,0.00094,0.0025609301287238843,0.2993127831339443,0.0055605949834584174
45623437315,0.00093,0.0004754638268870197,0.3242190226072833,0.0031762975524364913
134176153323755,0.00093,0.001344952546952525,0.2918365581597284,0.006055236413557685
135010313189665,0.00093,7.739832191376192e-05,0.30770307981592604,0.0017090311680195336
319569361390023,0.00093,0.00014990814491494932,0.2891103722175584,0.003665619813226209
357652214365312,0.00093,7.746897652716967e-05,0.2875942910780174,0.004529391428212865
71352317417,0.00093,0.00048808655318237815,0.3113641817891602,0.003912745075935934
58608795408,0.00093,0.003186716745466945,0.3209428881876062,0.0024180436781059337
8501031021,0.0009199999999999999,0.004654949023947407,0.2951218098064752,0.005693231314774394
6439768716,0.0009199999999999999,0.00014406797948575683,0.3147626783900242,0.001955289440026658
243558409135842,0.0009199999999999999,3.623572824613988e-05,0.2865119179774932,0.002527062540308698
68621004939,0.00091,9.425586592069776e-05,0.31819199939972104,0.0014582776557751972
136720375047,0.00091,0.0011760354115545402,0.3208152047788521,0.003079149400411291
17108852506,0.00091,0.0030832513978846,0.3183408736688414,0.0060252249248285775
140254320968,0.0009000000000000002,0.0004897277907747379,0.29242449775773066,0.003940124354672919
136764599915,0.0008900000000000002,0.0013372335786762698,0.30308983060558503,0.0044403156561622385
111627345541631,0.00088,3.255420828557293e-05,0.2999932526917892,0.0034232133724605386
316774245761,0.00088,0.0028888580814225547,0.31569600497228983,0.0021638675818304296
124978350989069,0.00088,0.00022827128262278785,0.3200865214756441,0.00254125510800552
57780972549,0.0008700000000000001,0.0003329606937642007,0.3095140049388925,0.0014071189024497182
754734577940325,0.0008700000000000001,2.303560070852382e-05,0.29061342701924603,0.0012720009286882707
104200886277050,0.0008600000000000001,0.002110941027132077,0.2927626528114611,0.004658420212453748
329417987110870,0.0008600000000000001,2.6659162094658913e-05,0.2757301331170969,0.003757759248542177
360781383974396,0.0008500000000000001,0.0036903003596029053,0.30058342575801195,0.005623255213291798
175719755481,0.0008500000000000001,0.001386575184588648,0.3129124836815521,0.0019274324604084624
71196565222,0.0008500000000000001,0.0007332600547805452,0.3100230359704134,0.0037429656132745136
495539003867549,0.00084,0.0004423539218539288,0.2783670206950027,0.0034462434574907192
90692553761,0.00084,0.0007344039226487329,0.3229542186743772,0.004300951202230459
310937177514,0.0008300000000000001,0.0023006832312387213,0.29248342203598376,0.004612688848329623
251317564934798,0.0008200000000000001,3.2438554923005696e-05,0.3014636602330296,0.0015467275472611577
153924901307555,0.0008200000000000001,0.000381310742711155,0.2971376265210752,0.00282419833773934
916640865034057,0.0008200000000000001,2.190595127872704e-05,0.28957563580646123,0.0017234325629549466
35277543605,0.0008100000000000001,0.000436554903830983,0.31702677066335394,0.0022954685531704497
110260895670639,0.0008100000000000001,0.0002073346557087483,0.31672930837912866,0.0014299814982021179
66197856671,0.0008100000000000001,0.00010055416481258692,0.31170295664577913,0.0014166250121627007
261624820205,0.0008100000000000001,1.361207025908476e-05,0.2857485906132621,0.0021445268078872496
32109457015,0.0008100000000000001,0.0007823341794886968,0.2902956970860701,0.003151969998640911
354339424984,0.0008,8.395004745746585e-05,0.2821328439347968,0.0009125214569504806
108571612499317,0.0008,0.00020274517079231253,0.31431736506808755,0.0016657607234732757
325524940890586,0.00079,0.0001078685719957026,0.3117386600459626,0.0011690282072886918
38925837299,0.00079,0.0005983884662935799,0.3156639658847346,0.002004687608417693
112623813202,0.0007800000000000001,2.9356147256666108e-05,0.2878033779868165,0.0023725046634401102
241061082705085,0.0007800000000000001,0.0032049587950006,0.3093666764792412,0.003696711734410139
263803127085354,0.0007700000000000001,0.0010972863103313284,0.30251079809408576,0.0030386323519502267
302448176483395,0.0007700000000000001,0.0009172547604037127,0.28975676208374435,0.0044803867025166085
269626763112769,0.0007599999999999999,0.0010044451109705783,0.284022728133308,0.002986679901923125
909664125750328,0.0007599999999999999,4.4744650747533175e-05,0.2937243594398092,0.00262164653883562
619459291436461,0.0007599999999999999,0.0005297675517983335,0.2909299094904699,0.0022640885822353732
20946638799,0.00075,0.0001877838477426292,0.31949704569807297,0.0017200933699291834
311925502180080,0.0007400000000000001,0.0013225209929499714,0.2860188615032221,0.004450282443489238
300857333265155,0.0007400000000000001,0.000948243151258168,0.288388532094336,0.004124522647452722
281168802721,0.0007400000000000001,0.0010680176889526726,0.2875107413537901,0.003585292940765926
539753402762439,0.0007400000000000001,1.085771847760636e-05,0.2824384429394253,0.001414384438895004
184096565021911,0.0007400000000000001,0.0007454907101977314,0.318923751160664,0.003874595576590578
159499837454214,0.0007400000000000001,0.0023363712559613327,0.2907414903026925,0.004264584306940019
405679386265498,0.0007400000000000001,2.4462362851645412e-05,0.2717670518275254,0.003052986122002985
113676922032321,0.0007300000000000001,2.777748908762672e-05,0.28254290078705363,0.0019484239162061534
198650096517,0.0007300000000000001,0.00050264982958463,0.2913269704985888,0.0025013645082232415
129879573711973,0.0007300000000000001,3.916589394448688e-05,0.2822626884107687,0.0025143795222465444
309127989103741,0.0007300000000000001,4.452360670829607e-05,0.2948979639234763,0.003039744536994127
55375096989,0.0007300000000000001,0.00016274988035671245,0.3190779871245146,0.0019253626852516906
12852567813,0.0007300000000000001,0.0004884033089718652,0.3189985136081455,0.0024120725313264654
78612416276,0.0007300000000000001,2.721808455039384e-05,0.2846223571449134,0.0023779708754144272
159907557427805,0.00072,0.0015115667501204545,0.2976087658540524,0.004080268355225994
69354316647,0.00072,0.00020956746279122342,0.2842285074481681,0.000961328735191463
363658042993,0.00072,0.00033247671072893963,0.32054362468374925,0.0019463969263466983
368004436727923,0.0007099999999999999,0.00012261327193759905,0.2749484336239929,0.0022276576172816503
383594785008126,0.0007099999999999999,4.1075147669642135e-05,0.27863241628365504,0.002350688920960283
106547192707583,0.0007099999999999999,4.622954601402156e-05,0.2925620246896888,0.0026665895585089323
147823328841,0.0007099999999999999,0.0004126794480656016,0.2932042150337865,0.0007199156969423752
41201204962,0.0007099999999999999,0.0011758122193252427,0.32549620536359897,0.004163087975575404
745995528781548,0.0007099999999999999,9.9659540255769e-05,0.2974562945359244,0.000865960798463568
222149727806378,0.0007000000000000001,0.0002875715597775221,0.3200982861185358,0.0026178840979374355
420776631313347,0.0006900000000000001,0.0013085945978119939,0.29612125327927313,0.00430341115826916
53108014196,0.0006900000000000001,0.00018651765572048995,0.3086408831246589,0.0016144244087319833
150012808367284,0.0006900000000000001,4.2696399306914146e-05,0.2874784737782537,0.0014792278663746162
106004666100932,0.0006900000000000001,2.039225483312144e-05,0.28120547358195896,0.0014056647086628986
122177661170978,0.0006900000000000001,0.0006545482412862088,0.3022147694827817,0.0028707896372941774
9324910069,0.0006900000000000001,2.216016094761079e-05,0.28175678729371695,0.002345812175515705
277613075615568,0.0006900000000000001,0.00024405425460366465,0.3118480526069496,0.0017606959845689663
100503403440061,0.0006900000000000001,0.002707055027606574,0.2920910414628932,0.004514207515073026
407983411392,0.0006799999999999999,0.0017568543768770608,0.29659523284247663,0.0035160033186899197
554682674553388,0.0006799999999999999,0.0012975979439981413,0.28056409105192315,0.004095863608408495
127175687433107,0.0006799999999999999,9.395989229263104e-05,0.30716262726279,0.0010878736654077509
56501027948,0.0006799999999999999,0.0005697795960541164,0.31179892808422194,0.0031436095140390304
110598432306650,0.0006799999999999999,5.027680065180512e-05,0.29953514218494953,0.0009760956180800607
479681268841947,0.0006799999999999999,0.00010034750484935604,0.2925384394579255,0.001164483146966588
102001589864063,0.0006799999999999999,2.696399444850554e-05,0.2690003341879886,0.003513282539152191
236123223432862,0.0006799999999999999,0.00013271122902203965,0.28711832839048496,0.001305388573733244
107651419258212,0.00067,0.0003300495715300468,0.319490013300784,0.002446411904578742
316057878492825,0.00067,0.0006359369231761534,0.32281535739830103,0.0027118477755916663
171964245890,0.00067,3.345073293066373e-05,0.2893812735980483,0.0011351423464218198
328028680122,0.00067,4.609362327589798e-05,0.2816492663589021,0.002447958750247739
159050394216641,0.0006600000000000001,0.00013504777651618882,0.31239841020622144,0.0018468624275968
358801027537350,0.0006600000000000001,0.0028285536095142487,0.29342351881412165,0.003730737545095889
811531288908785,0.0006600000000000001,4.937150179151825e-05,0.3011238583761808,0.002470240918159654
34701792581,0.0006600000000000001,3.471264357611226e-05,0.2898840713094122,0.0011245808479603383
180526851447,0.0006600000000000001,0.002972923712915479,0.3116159638605151,0.0016086661157045914
207697880579,0.0006600000000000001,0.00043302187423066736,0.29016415906984544,0.0025750617238969415
6860957425,0.0006600000000000001,3.7109415730881984e-05,0.31176321087850906,0.0014018444348255605
207966769402324,0.0006500000000000001,0.003031818865772392,0.2887040127683082,0.003113884671545889
86518833689,0.0006500000000000001,0.00025063627056671995,0.3136246446435089,0.0014497169388315028
305986132775543,0.0006500000000000001,2.4846299026924067e-05,0.29920378320261315,0.002541280007072923
116727628853,0.0006500000000000001,5.00581359851405e-05,0.2991359554157629,0.0026196865678497112
330201017032791,0.00064,2.8759630498605267e-05,0.2887652768286841,0.002075274486767467
100450643330760,0.00064,0.0003297698202409978,0.3192557770752938,0.0015348637989338724
371655802904606,0.00063,0.0033299025433883656,0.28762658465971785,0.0036601527520859893
496932476988091,0.00063,1.2988459523370042e-05,0.2776198696090296,0.0018166112537774256
660810660646898,0.00063,2.1797324921666065e-05,0.2903673193536577,0.0008257844972951933
108698394910,0.00062,9.346560052095709e-05,0.3172461895290365,0.0014865433897621148
80221381134,0.00062,0.00011750170513160859,0.3115691417010429,0.00114210537537727
53587699329,0.00062,7.119671529726303e-05,0.3072428153479008,0.00159179287615986
585201591501053,0.0006100000000000001,0.0001758300757450327,0.31658423888366066,0.0015802894276931577
340093714072,0.0006100000000000001,0.0022892566939533674,0.3216398402919833,0.00297881626256416
12503116997,0.0006000000000000001,1.7779034895667346e-05,0.2920401093026864,0.0014690957252612507
38472826214,0.0006000000000000001,0.00023820457188055924,0.3051072935601876,0.001864025001646685
344637645551128,0.0006000000000000001,4.229257602712351e-05,0.3122236963748109,0.0017347130507806379
166622430080749,0.0006000000000000001,0.0005171227899355126,0.3116226538892589,0.002062552091823629
90662953642,0.00059,0.0008446393671587897,0.31036110913578097,0.0016945534353946055
125598484184243,0.00059,6.847236467128821e-05,0.30060002552679843,0.0008267650084552964
46129589757,0.00059,9.124228443804592e-05,0.27442168759141994,0.0012609652847246583
249903348378912,0.00058,1.7689228994180178e-05,0.2890029208515729,0.001699803545074595
516676641828189,0.00058,0.0008421080570463682,0.2821310159924734,0.002663937815290562
280920811923248,0.00058,0.0015023112166317881,0.3082170744071256,0.0038379787841986454
116789651713844,0.00058,0.00020182311664592657,0.29521984927509426,0.0008666693642136428
122624624418852,0.0005700000000000001,0.0005664642758397112,0.2896507564503222,0.0033007756525059583
561591777188116,0.0005700000000000001,2.6036163090747643e-05,0.2983039776803137,0.0009000372206270192
8860325749,0.0005700000000000001,0.0003957452267225875,0.29984865224428603,0.0017091429555174333
188269334547151,0.0005600000000000001,3.448641352193909e-05,0.28523947005879186,0.0013846164043177238
159658557547960,0.0005600000000000001,6.307404400326502e-05,0.3043991974880049,0.0018973244370737437
167640156628553,0.0005600000000000001,2.8094967690328607e-05,0.2961293083428278,0.0028153404449706623
449072550051,0.00055,0.00010167396328012808,0.248629654295814,0.0006571136819427661
104538106289197,0.00055,0.0002445699623468972,0.29043510268256045,0.001999143385715816
102607669823762,0.00054,3.1408371760455395e-05,0.2983550741023581,0.0006145655336811768
232621906875091,0.00054,1.477261445328007e-05,0.2776871437134341,0.0016174511630328496
21218780346,0.00054,0.0001548965033984485,0.3032544690243661,0.0015915522196154014
219195584894557,0.00054,0.00024798462505491205,0.31029697328775396,0.0012684319792535803
8354368747,0.0005300000000000001,0.00023472279317755478,0.3110172566707996,0.0014876624791400985
172526489431467,0.0005300000000000001,7.155239944937776e-05,0.28929668251944285,0.0024956653446580397
879307625456770,0.0005200000000000001,0.0028953585167484,0.2878566486608801,0.0035513509579396104
101165966152,0.0005099999999999999,0.0009478621656298908,0.3023826578327539,0.0020443797824556504
197843195004,0.0005099999999999999,0.000894218812046601,0.2874443160035402,0.0029421718210063622
119954941781,0.0005099999999999999,7.480587602755165e-05,0.3034298577306212,0.0009491843259783662
55845270277,0.0005,0.00035060754327803336,0.3222897259531895,0.0023373921181749934
73881494481,0.0005,1.2351608967116927e-05,0.2842748952892197,0.001413947662436017
289741874474112,0.0005,1.6944158533592672e-05,0.28127813062801976,0.002332135486779377
88339957581,0.0005,0.0002399675081748517,0.3169644648907271,0.0014396019949313903
6130721655,0.0004900000000000001,0.00021967502754314118,0.30138646003073233,0.001590503321447634
138442296229429,0.0004900000000000001,0.0018657271208225071,0.2864252278184332,0.0032652845739449088
747113272076027,0.0004900000000000001,0.0024620111977218828,0.2931568410951317,0.0032217774160866975
101043269988443,0.0004800000000000001,1.6050371862821945e-05,0.26749002931861304,0.0015742414667009878
335331839998647,0.0004800000000000001,1.4824745882057513e-05,0.2788822428092948,0.002364832767491139
64588666340,0.0004800000000000001,9.085103682762248e-05,0.2974766150178492,0.0015616015880776457
107546629279454,0.0004800000000000001,2.0059707655855815e-05,0.2806888766278321,0.0015864740572191114
103708747870,0.00047,0.0005141876292535847,0.2806924952564069,0.002861859531433574
60237406798,0.00047,7.933532498749973e-05,0.3052463126310425,0.0011867619885690109
235086849974878,0.00047,3.1231940279657486e-05,0.2861579496811205,0.0016614768960936228
104992520955,0.00047,1.4545980852895816e-05,0.30176240075847305,0.0007758791045038208
88683275177,0.00047,0.0005559510063402409,0.2681208340512736,0.0014640602554409816
259617042211,0.00047,0.0004659888978629407,0.3048701842917425,0.0012035459305202898
21768731041,0.00045999999999999996,0.0005487488950150688,0.2748599239264036,0.001753987786494204
196601040368145,0.00045999999999999996,0.0016636569025277185,0.2960749451666002,0.0023918397374984054
467499760010724,0.00045999999999999996,0.000650172801424785,0.28720354440817125,0.001426721713805907
71279079017,0.00045999999999999996,0.0001823682237368213,0.30268743138656923,0.0011509189365355385
15418366158,0.00045,2.044906668741313e-05,0.2808989114274492,0.001871054231576547
9351577890,0.00045,0.00014886998354730134,0.263406076210483,0.0019086223589517253
207116912648950,0.00045,1.2286056341156059e-05,0.27669550789253994,0.0019387723973714399
231919626926856,0.00045,0.0009490467684101573,0.27409176975008304,0.0023992988761828045
129184427195815,0.00045,7.6253924581357635e-06,0.2805658987461805,0.0008737188617837208
521878704532086,0.00044,2.6593755081372595e-05,0.2721202993194727,0.0020449058850396003
365084476836621,0.00044,4.446725477482126e-05,0.2787073172311297,0.002205673302108546
128015890542670,0.00043,0.0005299875325846777,0.3098774277641999,0.0018860999584614222
262444655369,0.00043,0.0002736114661232764,0.2815691346589956,0.0021878853953655264
753542244699109,0.00043,8.887651732737483e-06,0.29703628319230496,0.0009753346579493879
253683924759781,0.00043,1.2565411303411035e-05,0.2855612028149315,0.0012667851902128835
51757123845,0.00042,0.00014209478613811188,0.269860535117207,0.0010020226406695176
161528283857490,0.00042,3.312279867567264e-05,0.2749050393957779,0.0017803127762045226
9208539755,0.00042,3.0119051231591307e-05,0.2797224357250933,0.0004403345998212298
103729003025453,0.00042,5.329588959847906e-05,0.26737177591095856,0.0011666911111200763
765017020180136,0.00042,0.001111405460193532,0.27557657696776783,0.0025845479463691414
123123377842466,0.0004100000000000001,4.7291076924553705e-06,0.2709688436573813,0.0008713929519428794
149817218374125,0.0004100000000000001,1.353026329830356e-05,0.2600290248194401,0.0019248354789833807
516686618407950,0.0004100000000000001,0.000651503957430858,0.2933345723485112,0.0023167210124994783
256004367748633,0.0004100000000000001,0.000513981297606523,0.28660243323921714,0.0019032915284232393
374111579728,0.0004100000000000001,0.00046219606428151653,0.2960125527957657,0.003164799288502093
107078819420141,0.0004100000000000001,9.727805755926408e-06,0.27257168269314624,0.0012650931067519603
312531385450925,0.0004,1.8384028121561668e-05,0.26804326449141963,0.0018649354588282986
131043201847,0.0004,5.499655912122671e-05,0.31089512758657845,0.001276658786717582
147246951649,0.0004,0.0008603261222601459,0.2704118745344932,0.0024022878175835065
138113353016606,0.0004,0.0004222833902932377,0.30347215040612663,0.0015884304843695142
106916074935,0.0004,2.7008318464269297e-06,0.2519265059942338,0.0005694131977845565
182443691771352,0.0004,0.00018351251481084642,0.302153955985958,0.0009537478747751803
126756847074,0.0004,3.835970488643761e-05,0.2923597084675857,0.0012290082149380892
492037610911691,0.0004,1.4708212832055343e-05,0.2730006024698073,0.0011710608201276962
36496893934,0.0004,3.7849636900439163e-05,0.2702356705433544,0.0004969588923530838
26382032216,0.0003900000000000001,0.00011833365316438063,0.3082301644506677,0.0010509598037935796
347980278556458,0.0003900000000000001,0.0017367571851747618,0.2800822686686176,0.0022592738785075597
136506519748694,0.00037999999999999997,0.0005239811485707517,0.2860752323030047,0.0022756392369082507
104301781300,0.00037999999999999997,5.228482287788966e-05,0.3059110733165221,0.0008501917043330904
64639136366,0.00037999999999999997,0.0003774316967644544,0.2794764832784075,0.0013332706283411717
107710719302307,0.00037999999999999997,9.122073145808008e-05,0.3064557534148312,0.0008348256194434779
1595723550651430,0.00037999999999999997,8.250263679029703e-06,0.2694180792120791,0.0011933568385323959
187432262698,0.00037999999999999997,1.125651867805699e-05,0.26820670802303753,0.0016513468174125677
218707647888,0.00037999999999999997,0.0015302653137417215,0.284693068231285,0.002229217624896757
51936848856,0.0003700000000000001,5.9321551181250296e-05,0.31241858207760936,0.001161046773046541
554097581296943,0.0003700000000000001,0.0005158209360814316,0.27441649949648395,0.002186836537090012
31709165325,0.0003700000000000001,0.0014857213785486045,0.2829008416324257,0.002635027319210123
210413314011,0.0003700000000000001,3.0211277376767272e-05,0.2940794308086883,0.0006978351665394983
39723237897,0.00036,6.924568268512982e-06,0.2771551539972206,0.0013976134350824922
193062840830669,0.00036,0.0012842844474557887,0.30087418665752536,0.0026148395776407624
44428318380,0.00036,0.0001231116168168177,0.3058616529372535,0.0007496336589638671
221336024625241,0.00035000000000000005,0.00043180515234092346,0.2730177188706355,0.0015375201239132387
167529403402369,0.00035000000000000005,0.000622954416544561,0.2880908928978562,0.001946306292164633
9299179711,0.00035000000000000005,0.00023147455985619302,0.29418472845214216,0.0008800125005801776
129617873765147,0.00035000000000000005,2.3304497600173708e-05,0.2983550741023581,0.0007878222302023615
20114386235,0.00035000000000000005,0.00011213073630650735,0.30181050521623026,0.0009056128505324284
241711025855990,0.00035000000000000005,3.036285302850189e-05,0.28968351354506083,0.0007067791525347649
303363616352436,0.00033999999999999997,3.4120663281425363e-06,0.2636580654210974,0.0008605630248918171
67299922445,0.00033999999999999997,2.547854604214013e-05,0.2655343148751631,0.0013531086723825372
11643473298,0.00033999999999999997,8.387679188530473e-06,0.28534414063523056,0.0009812077579030717
238699792924076,0.00033999999999999997,0.0005728214640295889,0.2752334398220767,0.002224613515530677
84258068778,0.00033000000000000005,0.0002600703048385116,0.2896334174580074,0.001420375529986304
475025662553385,0.00033000000000000005,0.00043260660077433597,0.2739796748880862,0.002168218358899274
198021666971291,0.00033000000000000005,7.4257319723261715e-06,0.2734583479466484,0.0010263260632268451
689907071131476,0.00033000000000000005,0.00039131919352537617,0.2887384706032345,0.0018308579462509443
106854275018,0.00033000000000000005,6.49658470302358e-06,0.2680333652249,0.000791901353702248
210357995667559,0.00032,0.004603321596880685,0.28717513344907497,0.0026606087470053795
35994014410,0.00032,5.857935965863368e-05,0.3111683853456645,0.0012984631888645888
164878620263509,0.00032,0.00015349475753101042,0.2874481109109893,0.0012224321791981345
257702340061,0.00032,8.770351399301707e-06,0.2973994119529049,0.0006450064455494822
117272378049,0.00031,6.370459232525956e-06,0.2690086431556142,0.0010777336540897188
106036541224,0.00031,3.108329180482595e-05,0.29454689135678674,0.0007077161731904612
103971336305218,0.00030000000000000003,2.4766323158775465e-05,0.292247867288922,0.0013162236606511601
367292494407,0.00030000000000000003,6.562179170872554e-05,0.2957632460519411,0.0013651120711207965
256566055895,0.00030000000000000003,6.570612671133063e-06,0.24773851618635734,0.000945919805066506
48990004850,0.00030000000000000003,5.214035006266647e-06,0.2438608059062048,0.0008290564952280212
8945512054,0.00030000000000000003,3.527210421524813e-05,0.2845182153345833,0.00046820587925235167
59109969606,0.00030000000000000003,4.254479294408963e-06,0.27163482034857983,0.0003816813848019347
407577195956039,0.00030000000000000003,1.2571523224096437e-05,0.24840130972376503,0.0011344793245377835
275873817350,0.00029,3.6668186565752685e-06,0.2500717595486762,0.0006462800987362447
338263012624,0.00029,1.3215641033497334e-05,0.2579617998101384,0.0012288656498661266
292949924146549,0.00029,7.773090028013454e-06,0.25575883047847736,0.0007947278760731017
415494541850521,0.00029,0.00028248849167147183,0.2914810255991748,0.0015491990370917526
106154574485,0.00028000000000000003,6.348384376712571e-06,0.2708609728883213,0.0012117712699361268
112325855474892,0.00028000000000000003,0.00016976734180255306,0.2814581183791351,0.0015184935070368516
5834919267,0.00028000000000000003,0.00033839792008637617,0.3090877966394241,0.0012307559400493455
263103197142872,0.00028000000000000003,1.4778690687747658e-05,0.2548785940552265,0.001044737888699942
554069604681993,0.00027,1.733607090093689e-05,0.2509580967680325,0.0002598338473738581
26668999076,0.00027,4.529986567282688e-05,0.29379173718429424,0.0005597542119846249
124434790836,0.00027,0.0004782710608367909,0.29823247208507764,0.0014513288727832096
36808884697,0.00027,0.00041642668441145786,0.294822093343288,0.0010422532904341717
187516444593639,0.00027,7.687528897370536e-05,0.28712400788504794,0.0006978093855228587
40397252103,0.00027,7.086315827751662e-05,0.2991976157691523,0.0006001651392187245
326439917486121,0.00026000000000000003,0.00020089171317370482,0.2624345461921871,0.001254822744102298
343144130872,0.00026000000000000003,9.878443549216774e-06,0.2680020223708565,0.0008700943027366696
136314663191943,0.00026000000000000003,0.00023971591888592345,0.2691483106001954,0.0011668394813033058
161419311535,0.00025,0.00010373538868062208,0.2640897976381028,0.001400337622121857
60870934988,0.00025,9.769619961810207e-05,0.26279564996997784,0.0010540975245324224
180360322047243,0.00025,0.0008494732983542352,0.26606322406280075,0.001611383172186994
131507887215985,0.00025,8.471246993606715e-06,0.2681538559934621,0.00041262685873816465
340005092689907,0.00025,0.00025620598065908656,0.2840505187349785,0.001272522857782534
264018250293331,0.00024000000000000006,3.731453523654692e-06,0.2524040087400212,0.0005802453021774916
35541499994,0.00024000000000000006,5.2858080879755714e-05,0.28489236464767603,0.0006034686317323291
702815073143116,0.00024000000000000006,1.795739490408129e-05,0.275553907034809,0.001460490764986922
57639415551,0.00024000000000000006,2.7196911817473497e-05,0.2795877366257159,0.00045974176596393995
211524895670316,0.00022999999999999998,0.0005261152754503267,0.2730468216783368,0.0015815510211970715
206703882302,0.00022999999999999998,1.5911366527944345e-05,0.3089189567137625,0.0007787852007648446
355162344610121,0.00022999999999999998,0.00020723310543903025,0.2824769184223094,0.0012946582806526792
97464672662,0.00022999999999999998,1.1251783202003908e-05,0.24728831657320374,0.0009354960662746393
123061011213236,0.00022999999999999998,9.723539992721872e-06,0.2733244659114681,0.00038355448731072203
155840847453,0.00022999999999999998,5.363016481356885e-06,0.24390588095707705,0.0005940860140417269
206080093131,0.00022,0.00035198851311615543,0.30146992144229623,0.0014308370151018756
39846147446,0.00022,2.6540456481830305e-05,0.26807791768332856,0.0005708786353211345
6111063431,0.00022,3.2617193915304966e-05,0.28722438268456585,0.000495402216200734
146612062031906,0.00021,3.2383964712446834e-05,0.28139991533098097,0.0011324982851952366
116933681791119,0.00021,4.324415800452573e-06,0.2647802977520184,0.0008631140464386045
199938786716036,0.00021,1.231936834688267e-05,0.27910925900215244,0.0007351131676081396
120984578858,0.00021,2.721631964929904e-06,0.2519337936575958,0.00022047638884705673
45809529741,0.00021,5.200357833652411e-05,0.2776499618890513,0.0003288611046696797
176495442402406,0.00021,2.1287321548528534e-05,0.2482483693841037,0.00032628228453627454
568888089890063,0.00021,0.0001744451730938984,0.25473992762306363,0.0013685727591334247
390841474340132,0.00021,0.001757042266897053,0.2796685405135422,0.0013092667829671335
295479040495545,0.00021,0.00024044137267537733,0.29852688637188074,0.0013096909035731118
320772408017742,0.0002,0.001070926136175036,0.2680878202410911,0.0017618083293579503
201361186563476,0.0002,0.0003450158541129599,0.26316251996803225,0.0015437624602193177
103523196350872,0.00018999999999999998,0.001065999565188345,0.26342997854133393,0.001033548132577169
211919680353,0.00018999999999999998,2.947597045479128e-05,0.23674775988805785,0.00015380369923043827
113544412001601,0.00018999999999999998,0.00012480152390039742,0.2695464922600073,0.0011933169182303824
126339201288,0.00018,4.487853954591573e-05,0.2670094557630833,0.00036305538547718244
116757565026850,0.00018,1.5936604077313786e-05,0.254026622240924,0.0008125773453754372
58718055772,0.00018,2.782972978635623e-05,0.25942022261783315,0.0007076246004335362
108684239179404,0.00018,7.016823238895127e-05,0.2728022089483019,0.0003376450197707907
33455892182,0.00018,0.00035857189402180284,0.2961857060603815,0.0010814459739091717
27111825438,0.00016999999999999999,1.7799890875585613e-05,0.28350496657052937,0.0004443931920955387
87445992218,0.00016999999999999999,0.0011621244153638256,0.2759747799911293,0.00041241649679805753
310676529001539,0.00016999999999999999,7.729485353526541e-06,0.2182041746212355,4.384377521657248e-05
409080845829193,0.00016999999999999999,7.602779175672701e-06,0.27087782203425875,0.0007486967181468062
92021268117,0.00016999999999999999,0.0002035767778739491,0.2550592356655253,0.0007799220825398118
154018957983813,0.00016,0.00020387752866323636,0.3040357662121377,0.000992474104592977
181961455147909,0.00016,5.2132383313992885e-06,0.2652302546776565,0.0002729470818056662
159589220724202,0.00016,3.5402989497039004e-05,0.2887537878369035,0.0010468501241878495
127331977364992,0.00016,0.0007066728448061285,0.26994752727101035,0.0013220673992006583
190450387631723,0.00016,0.00011136608183340391,0.2799472228780754,0.0006486883750984478
197211981599,0.00016,2.594312770733001e-05,0.2978224884866226,0.0006552459982751875
213937547649,0.00015,4.137605377311665e-06,0.23904553106330476,0.0005365649519977265
163121917034901,0.00015,0.0005337649468692504,0.2604006625694818,0.0010365260585213129
144317282271701,0.00015,2.4319955655926408e-05,0.2424878985276569,0.0005111454845458412
133877811759,0.00015,5.909774170255211e-05,0.2706639934974706,0.0003180748982450188
247174242966,0.00015,2.9637788214761077e-05,0.2948420555001866,0.0005473245757390175
100434040001314,0.00015,0.0002145886056060564,0.2571452986884509,0.0010469793252129815
207770190801,0.00015,4.4056066208486335e-06,0.25749350638096125,0.00046921068106327225
362232687500262,0.00015,3.920686876797963e-06,0.2424406463795689,0.00044373435069305976
50513265848,0.00015,1.4206207954985748e-05,0.2831988982869706,0.0007263861679350672
534770146604344,0.00015,0.00016057256248914719,0.2644105119534777,0.0007984459853108782
245481491808,0.00015,2.7162266536985777e-06,0.26419394441842525,0.00036873865210302595
220198801458577,0.00015,1.5168840861664856e-05,0.2513216456700861,0.0006361987560514891
274793152585613,0.00015,1.0097984012795258e-05,0.2521190417754444,0.0003074619816604976
128520090495170,0.00014,1.543046700559714e-05,0.23993327767088626,0.0005053574476141147
76773076004,0.00014,2.1850130540947686e-05,0.2804863822289303,0.0004203697875924025
382548655176036,0.00013000000000000002,1.0062829937890249e-05,0.25141451198661857,0.00013821175271577305
475763235822198,0.00013000000000000002,7.962113329631182e-05,0.2917172995551781,0.0006262072791220617
354263831266028,0.00013000000000000002,0.0003358168458504879,0.27325585929655216,0.0011279287463294549
113201214447,0.00013000000000000002,0.00048017870120251895,0.2641715058639588,0.0008546144519758004
144868455552699,0.00013000000000000002,3.377724619749797e-05,0.2430726454075057,0.0004500598290602771
7257000829,0.00012000000000000003,1.0542044066820342e-06,0.23844210715347786,0.00038584779190067105
472422969486331,0.00012000000000000003,0.0007704276355317552,0.26653060591112243,0.000920517637262361
815662028528813,0.00012000000000000003,8.630768363630707e-06,0.25921020639522785,0.0002635958202487261
181893712536,0.00011,0.0001671872532652441,0.26949644664950484,0.0008683033959041172
161453087348302,0.00011,6.1564935416812225e-06,0.250471636164071,0.0005902306841855256
119049414803510,0.0001,5.2980403341698055e-06,0.23073512234951116,0.00028436357904070274
122044727596,0.0001,3.6673037289156473e-06,0.2316828485806271,7.344781795861367e-05
172143546163601,0.0001,2.4688976681216573e-05,0.2617530639656067,0.0002689385203541531
106313546083516,0.0001,3.861243306308448e-06,0.2508930298358237,0.00024464948228799475
460197020720819,0.0001,7.290473072764909e-06,0.25528053416960705,0.0005015764330748968
714016298647274,0.0001,1.5176940818718928e-05,0.2673471529434356,0.0002597767325027851
13320939444,0.0001,2.8711528254444873e-05,0.2533983758541848,0.0004190935393905108
23903715309,0.0001,3.456029387336744e-06,0.2415222265550184,0.00019070754749901463
131010790489,9e-05,1.0282822968401131e-05,0.2712811412951878,0.00041985972875342763
168879986499653,8e-05,6.21521825649877e-05,0.24214944014908826,0.0003100740260255124
963333907038551,8e-05,2.0498569473992372e-05,0.2713791990991516,0.0002395953543615557
101877489873438,8e-05,1.0859853873233365e-06,0.2342465019209734,0.00012636947961260919
27088225427,8e-05,1.6977355017906634e-05,0.28544514575539776,0.00043506493243301
10674237167,8e-05,1.208994245605703e-06,0.24378708265764745,0.0003240594620420508
118072751537945,8e-05,3.163683253504409e-07,0.22485068481076875,0.00010859228600613337
50236802693,7.000000000000001e-05,2.0156280422380583e-06,0.24251085621754398,0.00010416833349932105
102938906478343,7.000000000000001e-05,4.041686532401339e-05,0.2720998946967705,0.0003795076852962707
122797691248638,7.000000000000001e-05,1.3444871337364717e-06,0.2399081618648731,0.0001334943383379611
562351880441856,6.0000000000000015e-05,0.00033531254849436163,0.2479317594086032,0.0003494923104793397
216940628328775,6.0000000000000015e-05,1.6729069384414328e-06,0.2349669667576794,0.00015115508365508255
73563300980,6.0000000000000015e-05,0.00020556416114477863,0.2600492121423962,0.0005030422322594742
114352081949970,6.0000000000000015e-05,2.041103196430395e-05,0.2633200637226731,0.0002552438661810374
230537773698519,6.0000000000000015e-05,7.767242867659959e-06,0.2477526113389469,0.0002548144384636858
115919138428537,6.0000000000000015e-05,2.080875540444669e-05,0.2237450350700482,6.993521541951593e-05
392195624197755,6.0000000000000015e-05,0.0013380638752368205,0.257562042366808,0.00045215980302371143
53674651369,6.0000000000000015e-05,2.7997662020622623e-07,0.22812776826381975,0.00011011142846796451
320840064659503,5e-05,5.582006158622819e-05,0.2532465860292489,0.0004079151324550362
199732303374586,5e-05,1.833307636334476e-06,0.22767214130166136,5.9292165902632805e-05
440522575997388,5e-05,2.0929509339962075e-05,0.26964496953616945,0.00038053806325236833
171054229642299,5e-05,1.2038688955641994e-07,0.21154189678208532,1.0204958604448478e-05
161829897161822,5e-05,2.497197455326112e-06,0.22527409847335514,8.10378049923642e-05
297176423632270,5e-05,9.701165497867547e-05,0.2479472883631764,0.00046756769776097075
116849198376359,5e-05,2.0739226044641825e-06,0.2327366194170026,0.00011956442197057217
154672041747,5e-05,3.910772509812666e-05,0.24421091633891615,0.0003838815073286642
101988643193353,4e-05,3.6882460951006476e-06,0.2253393806148735,0.00011481525948164821
9583477694,4e-05,1.5008269359806656e-06,0.2381982019613116,0.00011488661889150031
599617463415786,4e-05,5.237729023281772e-07,0.22966664784404375,0.00015344173813703843
239156129595309,4e-05,6.537140210696646e-07,0.2348630481391007,0.00010918438417194624
302825219754295,3.0000000000000008e-05,5.8022676723237134e-05,0.2501320906651482,0.000361579593535703
282658238745234,3.0000000000000008e-05,1.2611430164117336e-07,0.21493537974481575,2.7731987980278683e-05
388117401328419,3.0000000000000008e-05,7.507974029363367e-06,0.22314080681459056,5.0103694576623875e-05
83040292558,3.0000000000000008e-05,4.882796064480106e-07,0.23480479256444506,8.477812074805051e-05
396523657071573,2e-05,9.579205573492356e-07,0.2321596372371949,0.00013627763027686867
78773900525,2e-05,5.37040183786431e-08,0.2055408498535587,6.569319621860536e-06
238182898451,0.0,-6.5559428620236175e-18,0.0,1.9798401068231482e-19
445954212128295,0.0,-6.710353814295307e-19,0.0,6.04066218024965e-19
6683731553,0.0,9.381044834931928e-19,0.0,3.321836662845079e-18
