,page_id,page_ideo_full_year,Other,Trump,Clinton,Johnson,page_name,ideology_from_community
0,5281959998,-0.3667606818924449,0.0,0.0,1.0,0.0,The New York Times,Clinton
1,5550296508,-0.190887428521387,0.0,0.0,1.0,0.0,CNN,Clinton
2,5633824547,1.137885823953098,0.0,1.0,0.0,0.0,FreedomWorks,Trump
3,5637143257,-0.515393182024238,0.0,0.0,1.0,0.0,The Boston Globe,Clinton
4,5718758966,-0.39873848545156004,0.0,0.0,1.0,0.0,Gizmodo,Clinton
5,5834919267,-0.29595150525127434,0.07142857142857142,0.0,0.9285714285714286,0.0,U.S. News and World Report,Clinton
6,5863113009,-0.47132838606517163,0.0,0.0,1.0,0.0,Los Angeles Times,Clinton
7,5953023255,-0.43276366720019394,0.21428571428571427,0.0,0.7857142857142857,0.0,Chicago Tribune,Clinton
8,5978057725,0.2151111196126312,0.0,0.0,0.0,1.0,Libertarian Party,Johnson
9,6013004059,-0.2622285293502254,0.0,0.0,1.0,0.0,The Economist,Clinton
10,6028461107,-0.23640841371243224,0.0,0.0,1.0,0.0,Moby,Clinton
11,6030918854,-1.012504517278014,0.0,0.0,1.0,0.0,The Advocate magazine,Clinton
12,6111063431,-0.24969915141888646,0.42857142857142855,0.0,0.5,0.07142857142857142,Digg,Clinton
13,6130721655,-0.29714046147453216,0.42857142857142855,0.0,0.5714285714285714,0.0,philly.com,Clinton
14,6165653060,-1.1019286417326928,0.0,0.0,1.0,0.0,AFSCME,Clinton
15,6181619439,-0.1528450250149933,0.2857142857142857,0.0,0.6428571428571429,0.07142857142857142,The Denver Post,Clinton
16,6204742571,-1.0357997227146336,0.0,0.0,1.0,0.0,Sierra Club,Clinton
17,6233046685,0.3794886760830494,0.0,0.14285714285714285,0.0,0.8571428571428571,Ron Paul,Johnson
18,6236054211,-1.4996906810950532,0.0,0.0,1.0,0.0,Brady Campaign to Prevent Gun Violence,Clinton
19,6250307292,-0.4878757505640288,0.0,0.0,1.0,0.0,Washington Post,Clinton
20,6276351475,-0.12054381747371921,0.8571428571428571,0.0,0.07142857142857142,0.07142857142857142,KING 5,Other
21,6321831972,-0.35019507989356813,0.0,0.0,1.0,0.0,The Oregonian,Clinton
22,6333396177,1.2922369754837182,0.0,1.0,0.0,0.0,NewsBusters.org,Trump
23,6363207806,-0.30606688483450883,0.5,0.0,0.35714285714285715,0.14285714285714285,CollegeHumor,Other
24,6439768716,-0.025859349836536396,0.8571428571428571,0.0,0.07142857142857142,0.07142857142857142,WMUR-TV,Other
25,6491828674,-0.6930329616081609,0.0,0.0,1.0,0.0,PBS NewsHour,Clinton
26,6499393458,0.604267497310411,0.0,1.0,0.0,0.0,Alex Jones,Trump
27,6521822915,0.006392989074484003,0.8571428571428571,0.0,0.0,0.14285714285714285,Despierta America,Other
28,6593503709,-0.910736035307583,0.07142857142857142,0.0,0.9285714285714286,0.0,Gabby Giffords,Clinton
29,6622931938,-0.26699182233298446,0.35714285714285715,0.0,0.42857142857142855,0.21428571428571427,Channel 4 News,Clinton
30,6651543066,-0.1207022196184331,0.14285714285714285,0.0,0.7857142857142857,0.07142857142857142,CNNMoney,Clinton
31,6683731553,-0.36360930655120777,0.5714285714285714,0.0,0.42857142857142855,0.0,Erykah Badu,Other
32,6851405967,-0.5881477996038152,0.0,0.0,1.0,0.0,CREDO Mobile,Clinton
33,6860957425,0.0014903765613615003,0.9285714285714286,0.0,0.0,0.07142857142857142,WTVR CBS 6 News,Other
34,6879409364,-0.3494077896905523,0.0,0.0,1.0,0.0,Boston.com,Clinton
35,6934857868,0.927354977726503,0.0,1.0,0.0,0.0,Mike Huckabee,Trump
36,7040724713,-0.16274365463633741,0.6428571428571429,0.0,0.21428571428571427,0.14285714285714285,Yahoo,Other
37,7257000829,1.1872405583342365,0.0,1.0,0.0,0.0,Gary L. Bauer,Trump
38,7292655492,-0.9240637665470283,0.0,0.0,1.0,0.0,MoveOn.org,Clinton
39,7331091005,-0.08056013262885152,0.7857142857142857,0.0,0.07142857142857142,0.14285714285714285,Bleacher Report,Other
40,7382473689,-0.26804358483633844,0.0,0.0,0.9285714285714286,0.07142857142857142,Al Jazeera English,Clinton
41,7533944086,-0.12596094233801217,0.0,0.0,1.0,0.0,The Hill,Clinton
42,7629206115,-1.3798114433942317,0.0,0.0,1.0,0.0,The Nation Magazine,Clinton
43,7642602143,-1.1055977935704926,0.0,0.0,1.0,0.0,Mother Jones,Clinton
44,7656215652,-1.2209076555805252,0.0,0.0,1.0,0.0,Tim Kaine,Clinton
45,7741299484,0.0005741605038526999,0.8571428571428571,0.0,0.0,0.14285714285714285,People en Español,Other
46,7833534974,-1.010618848298186,0.0,0.0,1.0,0.0,Florida Democratic Party,Clinton
47,7938522410,-0.10110065878922737,0.8571428571428571,0.0,0.0,0.14285714285714285,WGN TV,Other
48,7962048097,-0.5089345021430078,0.21428571428571427,0.0,0.7857142857142857,0.0,GQ,Clinton
49,7976226799,-0.5380761128215725,0.0,0.0,1.0,0.0,The Daily Show,Clinton
50,8057684437,1.029494245620167,0.0,1.0,0.0,0.0,Dick Morris,Trump
51,8303218826,0.20530569573425075,0.6428571428571429,0.2857142857142857,0.0,0.07142857142857142,Jeff Dunham,Other
52,8304333127,-0.31460741938865777,0.0,0.0,1.0,0.0,The Wall Street Journal,Clinton
53,8354368747,-0.0960984621593693,0.8571428571428571,0.0,0.0,0.14285714285714285,WESH 2 News,Other
54,8358247707,-0.1885968405975372,0.7857142857142857,0.0,0.07142857142857142,0.14285714285714285,Cosmopolitan,Other
55,8501031021,-1.4403880941033338,0.0,0.0,1.0,0.0,VoteVets.org,Clinton
56,8719774366,-0.21958869189871685,0.6428571428571429,0.0,0.21428571428571427,0.14285714285714285,Complex,Other
57,8810407571,-0.5075791510982929,0.0,0.0,1.0,0.0,Vanity Fair,Clinton
58,8860325749,-0.2620885453409971,0.0,0.0,1.0,0.0,Financial Times,Clinton
59,8934429638,-1.2026598158333,0.0,0.0,1.0,0.0,Planned Parenthood Action,Clinton
60,8945512054,-0.11963195059389313,0.8571428571428571,0.0,0.14285714285714285,0.0,The Columbus Dispatch,Other
61,9034820804,-0.16582305196869168,0.7857142857142857,0.0,0.07142857142857142,0.14285714285714285,Us Weekly,Other
62,9124187907,-0.5732935311871368,0.0,0.0,1.0,0.0,U.S. Senator Bernie Sanders,Clinton
63,9208539755,-0.0516992870078311,0.7857142857142857,0.0,0.14285714285714285,0.07142857142857142,Demi Lovato,Other
64,9258148868,-0.6267662149184848,0.0,0.0,1.0,0.0,The New Yorker,Clinton
65,9299179711,-0.289361838395381,0.42857142857142855,0.0,0.2857142857142857,0.2857142857142857,The Baltimore Sun,Other
66,9324910069,1.3074851537632242,0.0,1.0,0.0,0.0,National Republican Senatorial Committee (NRSC),Trump
67,9335481377,-0.10042427548496159,0.7857142857142857,0.0,0.07142857142857142,0.14285714285714285,6abc Action News,Other
68,9351577890,-0.8235199404206163,0.0,0.0,1.0,0.0,Nicholas Kristof,Clinton
69,9583477694,-0.35129838718360235,0.21428571428571427,0.07142857142857142,0.5714285714285714,0.14285714285714285,Adryenn Ashley,Clinton
70,9586347482,0.05710025212046862,0.7857142857142857,0.14285714285714285,0.0,0.07142857142857142,al.com,Other
71,10018702564,-0.5378748342025775,0.0,0.0,1.0,0.0,HuffPost Black Voices,Clinton
72,10128918116,-0.7352187441321771,0.0,0.0,1.0,0.0,Gavin Newsom,Clinton
73,10498053716,1.5995661532043781,0.0,1.0,0.0,0.0,Media Research Center,Trump
74,10505090694,0.025358668055108394,0.8571428571428571,0.0,0.0,0.14285714285714285,WSB-TV,Other
75,10513336322,-0.31443800400317634,0.0,0.0,1.0,0.0,The Guardian,Clinton
76,10584534401,-0.1343371578020918,0.14285714285714285,0.0,0.8571428571428571,0.0,Madonna,Clinton
77,10606591490,-0.3817051197870888,0.0,0.0,1.0,0.0,TIME,Clinton
78,10643211755,-0.5049592550072254,0.0,0.0,1.0,0.0,NPR,Clinton
79,10664530778,-0.36580845696583625,0.0,0.0,1.0,0.0,Rolling Stone,Clinton
80,10674237167,1.6776636928067854,0.0,1.0,0.0,0.0,Fox News Sunday,Trump
81,10716057521,-0.9109304666625989,0.0,0.0,1.0,0.0,THE WEEK,Clinton
82,11643473298,1.6426301149863949,0.0,1.0,0.0,0.0,The Weekly Standard,Trump
83,11897558895,-0.07406953201971421,0.7142857142857143,0.0,0.14285714285714285,0.14285714285714285,MLive.com,Other
84,12301006942,-1.121390528169078,0.0,0.0,1.0,0.0,Democratic Party,Clinton
85,12503116997,1.014312782888366,0.0,1.0,0.0,0.0,Dennis Prager,Trump
86,12566691349,-0.08174524982450601,0.7857142857142857,0.0,0.07142857142857142,0.14285714285714285,Today Show,Other
87,12616252196,-0.4435128566071998,0.07142857142857142,0.0,0.9285714285714286,0.0,Variety,Clinton
88,12795435237,0.7739908876578953,0.0,1.0,0.0,0.0,Fox Business,Trump
89,12852567813,-0.1183956805777895,0.8571428571428571,0.0,0.0,0.14285714285714285,Chron.com from the Houston Chronicle,Other
90,13152108058,-0.543147415624505,0.0,0.0,1.0,0.0,GOOD,Clinton
91,13310147298,-0.08687827793501049,0.8571428571428571,0.0,0.0,0.14285714285714285,AJC,Other
92,13312631635,-0.2205879387129941,0.14285714285714285,0.0,0.7857142857142857,0.07142857142857142,The Independent,Clinton
93,13320939444,-1.2988959763045398,0.0,0.0,1.0,0.0,ProPublica,Clinton
94,13642915529,-0.1953425882650115,0.35714285714285715,0.0,0.5,0.14285714285714285,Detroit Free Press,Clinton
95,13652355666,-0.13448209116650273,0.5714285714285714,0.0,0.42857142857142855,0.0,USA TODAY,Other
96,14425952749,-0.39531719555255446,0.21428571428571427,0.0,0.7142857142857143,0.07142857142857142,The Hollywood Reporter,Clinton
97,14516439825,-0.4455111781141869,0.0,0.0,1.0,0.0,New York Magazine,Clinton
98,14827657177,0.02876971123974509,0.7857142857142857,0.0,0.07142857142857142,0.14285714285714285,WRAL TV,Other
99,15139936162,1.0979945777488742,0.0,1.0,0.0,0.0,Steven Crowder,Trump
100,15418366158,2.019909881938251,0.0,1.0,0.0,0.0,PJ Media,Trump
101,15483865491,-1.3295095464373907,0.0,0.0,1.0,0.0,Al Franken,Clinton
102,15704546335,0.21117896561673635,0.0,1.0,0.0,0.0,Fox News,Trump
103,15779440092,1.134141011454417,0.0,1.0,0.0,0.0,National Review,Trump
104,16307558831,1.2822897004821654,0.0,1.0,0.0,0.0,Mark Levin,Trump
105,17108852506,-1.1621705485612082,0.0,0.0,1.0,0.0,AlterNet,Clinton
106,17414523278,-0.9406493391533494,0.0,0.0,1.0,0.0,Democracy Now!,Clinton
107,17548474116,0.1357045445777285,0.0,0.0,0.0,1.0,Reason Magazine,Johnson
108,17614953850,-0.33534329845254046,0.14285714285714285,0.0,0.7857142857142857,0.07142857142857142,Funny Or Die,Clinton
109,18343191100,-0.7240297365352812,0.0,0.0,1.0,0.0,Newsweek,Clinton
110,18356341358,0.1540964477931275,0.7142857142857143,0.2857142857142857,0.0,0.0,ABC15 Arizona,Other
111,18468761129,-0.29285086624021966,0.0,0.0,1.0,0.0,The Huffington Post,Clinton
112,18793419640,-0.22852162191023065,0.14285714285714285,0.0,0.8571428571428571,0.0,CNN International,Clinton
113,18807449704,-0.3469896897872894,0.0,0.0,1.0,0.0,Mashable,Clinton
114,18813753280,-0.8571710303458148,0.0,0.0,1.0,0.0,Human Rights Campaign,Clinton
115,18943096862,-0.3720120272391799,0.0,0.0,1.0,0.0,Lizzy the Lezzy,Clinton
116,19003252165,-0.8685113870813511,0.0,0.0,1.0,0.0,Hillary Clinton Supporters,Clinton
117,19013582168,-0.5444161521651767,0.0,0.0,1.0,0.0,PBS,Clinton
118,19182454196,1.2781662665401934,0.0,1.0,0.0,0.0,Newt Gingrich,Trump
119,19420215926,1.3489599714500975,0.0,1.0,0.0,0.0,CNSNews.com,Trump
120,19440638720,-0.42594924744085166,0.0,0.0,1.0,0.0,WIRED,Clinton
121,19750633611,-1.5859331151385174,0.0,0.0,1.0,0.0,FactCheck.org,Clinton
122,19799718480,-0.6211522507997207,0.0,0.0,1.0,0.0,Out Magazine,Clinton
123,19875021647,-0.38762332490151336,0.07142857142857142,0.0,0.8571428571428571,0.07142857142857142,Consequence of Sound,Clinton
124,20114386235,-0.011431458208594801,0.42857142857142855,0.0,0.35714285714285715,0.21428571428571427,WOOD TV8,Other
125,20324257234,-1.0840834204359717,0.0,0.0,1.0,0.0,The Raw Story,Clinton
126,20446254070,-0.23251292424327583,0.35714285714285715,0.0,0.5714285714285714,0.07142857142857142,Business Insider,Clinton
127,20946638799,-0.0738796804528822,0.7142857142857143,0.0,0.14285714285714285,0.14285714285714285,The Dallas Morning News,Other
128,20950654496,-0.39370275117677694,0.0,0.0,1.0,0.0,The Onion,Clinton
129,20980557060,-0.13422481212123813,0.7142857142857143,0.0,0.14285714285714285,0.14285714285714285,KTVU Channel 2,Other
130,21090771700,1.1053449022509763,0.0,1.0,0.0,0.0,Gun Owners of America,Trump
131,21124264380,-0.0602065422261926,0.7142857142857143,0.0,0.14285714285714285,0.14285714285714285,Trina,Other
132,21218780346,-0.3453080818443487,0.0,0.0,1.0,0.0,Foreign Policy,Clinton
133,21472760578,-0.28667743672906465,0.14285714285714285,0.07142857142857142,0.7857142857142857,0.0,C-SPAN,Clinton
134,21516776437,-0.8579085722775127,0.0,0.0,1.0,0.0,Slate.com,Clinton
135,21626405048,0.29755832361168244,0.07142857142857142,0.9285714285714286,0.0,0.0,Kid Rock,Trump
136,21768731041,-0.9518883805096756,0.0,0.0,1.0,0.0,Scott Nevins,Clinton
137,21785951839,-0.029486546526282503,0.5714285714285714,0.0,0.2857142857142857,0.14285714285714285,9GAG,Other
138,21898300328,-0.23924594932141904,0.07142857142857142,0.0,0.9285714285714286,0.0,BuzzFeed,Clinton
139,22067606728,0.7629539097114567,0.0,1.0,0.0,0.0,Allen West,Trump
140,22156858944,-0.056245812435508406,0.7142857142857143,0.0,0.07142857142857142,0.21428571428571427,Explore Talent - Acting and Modeling,Other
141,22561081832,0.867267477273988,0.0,1.0,0.0,0.0,National Rifle Association,Trump
142,23237898444,-0.1213292008482767,0.5,0.0,0.2857142857142857,0.21428571428571427,High Times,Other
143,23489729942,1.0002132846702199,0.07142857142857142,0.9285714285714286,0.0,0.0,Mike Gallagher,Trump
144,23903715309,-0.6581153686394224,0.21428571428571427,0.0,0.7857142857142857,0.0,Saul Williams,Clinton
145,24085780715,-0.6710770396974352,0.0,0.0,1.0,0.0,Dan Rather,Clinton
146,24718773587,0.897310906625958,0.0,1.0,0.0,0.0,Sarah Palin,Trump
147,25987609066,-1.1078262983877687,0.0,0.0,1.0,0.0,The Rachel Maddow Show,Clinton
148,26382032216,0.1595267984544961,0.7142857142857143,0.07142857142857142,0.21428571428571427,0.0,WDBJ7,Other
149,26423400230,-0.5725870259768077,0.07142857142857142,0.0,0.9285714285714286,0.0,TheRoot.com,Clinton
150,26595441166,-0.9697096582113397,0.0,0.0,1.0,0.0,Media Matters for America,Clinton
151,26668999076,0.7025888408303456,0.0,0.0,0.0,1.0,The Cato Institute,Johnson
152,27088225427,-0.39471184198104614,0.0,0.07142857142857142,0.9285714285714286,0.0,RealClearPolitics,Clinton
153,27111825438,-0.2882515457729685,0.7142857142857143,0.0,0.21428571428571427,0.07142857142857142,Will Ferrell,Other
154,27479046178,-0.4715978672920827,0.0,0.0,1.0,0.0,Boing Boing,Clinton
155,29259828486,-0.7359346881056379,0.0,0.0,1.0,0.0,The Atlantic,Clinton
156,29790827612,-0.17640076050591344,0.7857142857142857,0.0,0.07142857142857142,0.14285714285714285,WSVN-TV,Other
157,30116744273,-0.05165941305344441,1.0,0.0,0.0,0.0,WKYC Channel 3 - Cleveland,Other
158,30911162508,-0.28970295101669524,0.0,0.0,1.0,0.0,Forbes,Clinton
159,31160214090,-0.1284555553478628,0.7857142857142857,0.0,0.07142857142857142,0.14285714285714285,ABC7NY,Other
160,31709165325,-1.7275620888600258,0.0,0.0,1.0,0.0,The Ed Schultz Show,Clinton
161,31732483895,-0.19355112580677686,0.7142857142857143,0.0,0.14285714285714285,0.14285714285714285,The Tonight Show Starring Jimmy Fallon,Other
162,32109457015,-1.397005786289604,0.0,0.0,1.0,0.0,CommonDreams,Clinton
163,32616834014,0.015810492842159903,0.8571428571428571,0.0,0.0,0.14285714285714285,12 News,Other
164,33455892182,-2.306445538288112,0.0,0.0,1.0,0.0,Crooks and Liars,Clinton
165,33618597905,1.1724787287925162,0.0,1.0,0.0,0.0,Rush Limbaugh and the EIB Network,Trump
166,34226391050,0.17694902178291955,0.0,1.0,0.0,0.0,Opposing Views,Trump
167,34407447433,-0.8380308319999455,0.0,0.0,1.0,0.0,Jezebel,Clinton
168,34521916336,2.457058913347218,0.0,1.0,0.0,0.0,Brent Bozell,Trump
169,34701792581,0.1876713929126961,0.07142857142857142,0.9285714285714286,0.0,0.0,EWTN,Trump
170,35277543605,-0.21587875560265954,0.42857142857142855,0.0,0.5,0.07142857142857142,NBC Washington,Clinton
171,35541499994,-0.040466976520554705,0.7142857142857143,0.07142857142857142,0.07142857142857142,0.14285714285714285,Dr. Mehmet Oz,Other
172,35590531315,-0.007686046336295997,0.2857142857142857,0.0,0.0,0.7142857142857143,NaturalNews.com,Johnson
173,35994014410,0.4343674786712836,0.0,0.9285714285714286,0.0,0.07142857142857142,The Washington Times,Trump
174,36019593759,1.052096708975927,0.0,1.0,0.0,0.0,Judge Jeanine Pirro,Trump
175,36400348187,0.7741246573551912,0.0,1.0,0.0,0.0,Glenn Beck,Trump
176,36496893934,0.5580470513797309,0.0,0.0,0.0,1.0,Mises Institute,Johnson
177,36808884697,-0.1276999794615534,0.5714285714285714,0.0,0.42857142857142855,0.0,Enquirer - Cincinnati and Kentucky,Other
178,37763684202,-0.7928389978625409,0.0,0.0,1.0,0.0,The Daily Beast,Clinton
179,38245492451,-0.1677471537833597,0.7857142857142857,0.0,0.07142857142857142,0.14285714285714285,ABC7,Other
180,38342932750,0.0014367404714451003,1.0,0.0,0.0,0.0,NBC4,Other
181,38423635680,-0.888062735617643,0.0,0.0,1.0,0.0,Andy Borowitz,Clinton
182,38471053686,-0.8303684237850183,0.0,0.0,1.0,0.0,Elizabeth Warren,Clinton
183,38472826214,-0.3309310277743794,0.21428571428571427,0.0,0.7142857142857143,0.07142857142857142,The Seattle Times,Clinton
184,38925837299,-0.3729440971207642,0.21428571428571427,0.0,0.7142857142857143,0.07142857142857142,Miami Herald,Clinton
185,39114729405,-0.07175987616799771,0.6428571428571429,0.0,0.14285714285714285,0.21428571428571427,KUTV 2News,Other
186,39442131319,0.05457121890358562,0.7857142857142857,0.07142857142857142,0.0,0.14285714285714285,FOX 5 / Fox5NY.com,Other
187,39723237897,1.5023894737662882,0.0,1.0,0.0,0.0,NRA News,Trump
188,39795225543,-0.1892037498179788,0.7142857142857143,0.0,0.14285714285714285,0.14285714285714285,ComicBook.com,Other
189,39846147446,-0.5384464613505082,0.14285714285714285,0.0,0.8571428571428571,0.0,The Jewish Daily Forward,Clinton
190,40397252103,0.19646051439542497,0.8571428571428571,0.0,0.0,0.14285714285714285,WTVC-TV NewsChannel 9 News,Other
191,40656699159,1.16237061411212,0.0,1.0,0.0,0.0,Washington Examiner,Trump
192,40667713734,0.5115016459784504,0.0,1.0,0.0,0.0,Kirk Cameron,Trump
193,41093998634,0.4454870779981439,0.07142857142857142,0.9285714285714286,0.0,0.0,The Christian Post,Trump
194,41201204962,-0.1252776508284281,0.0,0.0,1.0,0.0,Mediaite,Clinton
195,41632789656,1.5874500296835732,0.0,1.0,0.0,0.0,Townhall.com,Trump
196,42324160403,-0.21725520843903914,0.5714285714285714,0.0,0.35714285714285715,0.07142857142857142,BET,Other
197,42354254341,-0.038191663387151506,0.8571428571428571,0.0,0.0,0.14285714285714285,ABC 13 Houston,Other
198,42870397984,-0.5756277861119072,0.0,0.0,1.0,0.0,Pandora Boxx,Clinton
199,43179984254,-0.7525207520570285,0.0,0.0,1.0,0.0,Daily Kos,Clinton
200,43279570822,0.02016319340374329,0.8571428571428571,0.0,0.0,0.14285714285714285,FOX 5 Atlanta,Other
201,43659862830,-0.4439419219607172,0.07142857142857142,0.0,0.9285714285714286,0.0,Roland Martin,Clinton
202,44428318380,0.1041635815489388,0.5,0.0,0.14285714285714285,0.35714285714285715,KKTV 11 News,Other
203,44473416732,1.224010935689908,0.0,1.0,0.0,0.0,Positively Republican!,Trump
204,45168721640,-0.6751572223986877,0.0,0.0,1.0,0.0,FRONTLINE,Clinton
205,45623437315,0.5776303829909384,0.0,0.9285714285714286,0.0,0.07142857142857142,Stars and Stripes,Trump
206,45809529741,0.15958622733873534,0.8571428571428571,0.0,0.0,0.14285714285714285,WITN-TV,Other
207,46129589757,-1.01610142494569,0.0,0.0,1.0,0.0,Green Party,Clinton
208,46347342434,-1.5564297821299522,0.0,0.0,1.0,0.0,EMILY's List,Clinton
209,46522519207,-0.20608760958984854,0.35714285714285715,0.0,0.6428571428571429,0.0,Austin American-Statesman,Clinton
210,47016231622,-0.41282605730229266,0.14285714285714285,0.0,0.7857142857142857,0.07142857142857142,AFROPUNK,Clinton
211,47689998796,-0.11455401716292483,0.8571428571428571,0.0,0.0,0.14285714285714285,Fox 32 Chicago,Other
212,48573742500,-0.032722993255399006,1.0,0.0,0.0,0.0,cleveland.com,Other
213,48654660602,-0.319666075099073,0.7857142857142857,0.0,0.14285714285714285,0.07142857142857142,Latina Magazine,Other
214,48990004850,1.476975889498129,0.0,1.0,0.0,0.0,Republican Party of Wisconsin,Trump
215,49370991732,0.7397221226568808,0.0,0.9285714285714286,0.0,0.07142857142857142,Mark Kaye,Trump
216,49651563727,0.65035378585453,0.0,1.0,0.0,0.0,Live Action,Trump
217,49727872493,-0.11235019762883212,0.8571428571428571,0.0,0.0,0.14285714285714285,Fox 5 DC,Other
218,49867377595,1.1647484637156107,0.0,1.0,0.0,0.0,The Blacksphere,Trump
219,49940376408,-0.1610204629098111,0.0,0.0,1.0,0.0,MSN,Clinton
220,49961993286,0.6841251874224595,0.0,1.0,0.0,0.0,The Charlie Daniels Band,Trump
221,49978948774,-0.6124604952899697,0.14285714285714285,0.0,0.7857142857142857,0.07142857142857142,Newsy,Clinton
222,50236802693,0.15023178991117864,0.6428571428571429,0.21428571428571427,0.0,0.14285714285714285,Fox 4,Other
223,50513265848,2.037595723576686,0.0,1.0,0.0,0.0,Citizens United,Trump
224,50978409031,-0.08866890289874572,0.7142857142857143,0.0,0.14285714285714285,0.14285714285714285,azcentral,Other
225,51757123845,-0.4365590668053028,0.5,0.0,0.42857142857142855,0.07142857142857142,HELLO BEAUTIFUL,Other
226,51936848856,-0.1726598470439051,0.7142857142857143,0.0,0.14285714285714285,0.14285714285714285,Detroit News,Other
227,52150999700,-0.2743532676534058,0.5714285714285714,0.0,0.35714285714285715,0.07142857142857142,Entertainment Weekly,Other
228,52902998700,-0.039066911000166585,0.7857142857142857,0.0,0.0,0.21428571428571427,FOX 12 Oregon,Other
229,52946962893,-0.380684170751679,0.42857142857142855,0.0,0.5,0.07142857142857142,B. Scott,Clinton
230,53108014196,-0.0463048475603897,0.9285714285714286,0.0,0.0,0.07142857142857142,WFSB - Channel 3 Eyewitness News,Other
231,53587699329,-0.0972214370520604,0.9285714285714286,0.0,0.07142857142857142,0.0,NBC Connecticut,Other
232,53674651369,1.1611942002284972,0.0,1.0,0.0,0.0,Susan B. Anthony List,Trump
233,54172246106,0.8756721501430639,0.0,1.0,0.0,0.0,Rand Paul,Trump
234,54444461143,0.0329254075073998,0.9285714285714286,0.0,0.0,0.07142857142857142,WTHR-TV,Other
235,55326701544,0.009457025582186,0.8571428571428571,0.0,0.0,0.14285714285714285,WFAA-TV,Other
236,55375096989,-0.3182131804606035,0.5,0.0,0.35714285714285715,0.14285714285714285,NBC Bay Area,Other
237,55845270277,-0.26087238372518223,0.7142857142857143,0.0,0.14285714285714285,0.14285714285714285,World News Now,Other
238,56501027948,-0.4046953166956024,0.0,0.0,1.0,0.0,Fortune,Clinton
239,56845382910,-0.7335881173348399,0.0,0.0,1.0,0.0,HuffPost Politics,Clinton
240,57138815724,-0.1859316887703932,0.8571428571428571,0.0,0.0,0.14285714285714285,NBC Chicago,Other
241,57639415551,-0.14633742407004652,0.7142857142857143,0.0,0.14285714285714285,0.14285714285714285,Las Vegas Review-Journal,Other
242,57780972549,0.0462568087351047,0.7142857142857143,0.0,0.14285714285714285,0.14285714285714285,ABC11 WTVD,Other
243,57972945858,-0.23326542480326737,0.7857142857142857,0.0,0.07142857142857142,0.14285714285714285,CBS Los Angeles,Other
244,58608795408,-0.013502495070821198,0.7857142857142857,0.07142857142857142,0.0,0.14285714285714285,ABC Action News - WFTS - Tampa Bay,Other
245,58718055772,1.3667136817153414,0.0,1.0,0.0,0.0,Michael Savage-Fan Made Page,Trump
246,59109969606,-0.0047500596502612,0.7142857142857143,0.07142857142857142,0.0,0.21428571428571427,WBFF FOX 45,Other
247,59306617060,-0.0799649899262924,0.7857142857142857,0.0,0.07142857142857142,0.14285714285714285,Good Morning America,Other
248,59344923821,0.0266705815506364,1.0,0.0,0.0,0.0,KDKA-TV | CBS Pittsburgh,Other
249,59404413854,-0.0077645931941040984,0.8571428571428571,0.0,0.0,0.14285714285714285,FOX 29,Other
250,60237406798,-0.034950635684193807,0.9285714285714286,0.0,0.0,0.07142857142857142,WLOS ABC 13,Other
251,60447222345,-1.0602219542161708,0.0,0.0,1.0,0.0,Political Humor,Clinton
252,60870934988,-0.8923762837380805,0.0,0.0,1.0,0.0,Charles M. Blow,Clinton
253,60894670532,-0.6546703022783208,0.0,0.0,1.0,0.0,Anderson Cooper 360,Clinton
254,61308923432,-1.4725473711886399,0.0,0.0,1.0,0.0,PolitiFact,Clinton
255,62317591679,-0.5023451166480771,0.0,0.0,1.0,0.0,POLITICO,Clinton
256,62507427296,-0.6436728100085959,0.0,0.0,1.0,0.0,Bill Maher,Clinton
257,64588666340,-0.35453152980735064,0.0,0.0,1.0,0.0,Haaretz.com,Clinton
258,64639136366,-1.4345939715486329,0.0,0.0,1.0,0.0,Truthdig,Clinton
259,66197856671,-0.05613579776342791,0.8571428571428571,0.0,0.0,0.14285714285714285,FOX5 Las Vegas,Other
260,67299922445,2.080840875476738,0.0,1.0,0.0,0.0,The FOX Nation,Trump
261,67959238836,-0.1513142822140079,0.7142857142857143,0.0,0.14285714285714285,0.14285714285714285,WPLG Local 10 / Local10.com,Other
262,68174059444,-0.12287707814412686,0.9285714285714286,0.0,0.0,0.07142857142857142,WCVB Channel 5 Boston,Other
263,68621004939,-0.13706955705483542,0.8571428571428571,0.0,0.0,0.14285714285714285,FOX 5 San Diego,Other
264,68771922854,-0.30061294501855546,0.35714285714285715,0.0,0.5714285714285714,0.07142857142857142,Essence,Clinton
265,69354316647,-0.19791765130734637,0.5,0.0,0.42857142857142855,0.07142857142857142,Pastor Jamal Bryant,Other
266,69813760388,0.975553011517205,0.0,1.0,0.0,0.0,Sean Hannity,Trump
267,69983322463,0.8733446922591063,0.0,1.0,0.0,0.0,Ted Cruz,Trump
268,70072372362,-0.5506857182672891,0.0,0.0,1.0,0.0,HuffPost Entertainment,Clinton
269,70644859198,-0.06906483198184352,0.8571428571428571,0.0,0.07142857142857142,0.07142857142857142,Q13 FOX,Other
270,71179904752,0.2876722831150427,0.42857142857142855,0.5714285714285714,0.0,0.0,The Inquisitr,Trump
271,71196565222,-0.8746100365603439,0.0,0.0,1.0,0.0,Lewis Black,Clinton
272,71279079017,-0.1418264381700394,0.7857142857142857,0.0,0.07142857142857142,0.14285714285714285,CBS Philly,Other
273,71352317417,-0.9332211710768522,0.0,0.0,1.0,0.0,American Atheists,Clinton
274,72391084613,-0.11879970417442028,0.7857142857142857,0.0,0.07142857142857142,0.14285714285714285,KTLA 5 News,Other
275,72447968144,0.06906189319696489,0.7857142857142857,0.07142857142857142,0.0,0.14285714285714285,WFTV Channel 9,Other
276,72924719987,-0.16549627636640601,0.42857142857142855,0.0,0.42857142857142855,0.14285714285714285,ABC News,Other
277,73563300980,-0.6427369036006214,0.0,0.0,1.0,0.0,The Situation Room,Clinton
278,73881494481,1.8145093313656335,0.0,1.0,0.0,0.0,African-American Conservatives,Trump
279,74758790293,0.03226449689211501,1.0,0.0,0.0,0.0,Fox 8 News,Other
280,75928194876,-0.502750521602354,0.07142857142857142,0.0,0.8571428571428571,0.07142857142857142,TheGrio,Clinton
281,76378187097,-0.2733557209489868,0.7857142857142857,0.0,0.07142857142857142,0.14285714285714285,KRON 4 News,Other
282,76773076004,-0.15850010413068066,0.21428571428571427,0.0,0.7857142857142857,0.0,Richmond Times-Dispatch,Clinton
283,77710564137,-0.04806077444720159,0.8571428571428571,0.0,0.0,0.14285714285714285,Fox 9,Other
284,78612416276,1.664991149555129,0.0,1.0,0.0,0.0,Eric Bolling,Trump
285,78773900525,0.8232609435732902,0.21428571428571427,0.5,0.21428571428571427,0.07142857142857142,Money Morning,Trump
286,80221381134,-0.08092551007079488,0.8571428571428571,0.0,0.0,0.14285714285714285,WXYZ-TV Channel 7,Other
287,80256732576,0.6455870035468781,0.0,1.0,0.0,0.0,InfoWars,Trump
288,80562389320,-1.3336304732782407,0.0,0.0,1.0,0.0,NARAL Pro-Choice America,Clinton
289,81047727472,0.43023501201470454,0.0,1.0,0.0,0.0,Law Officer,Trump
290,83040292558,-0.08078865449041718,0.5714285714285714,0.21428571428571427,0.07142857142857142,0.14285714285714285,NBC25 News,Other
291,84169421673,-0.4473332756506448,0.0,0.0,1.0,0.0,Esquire,Clinton
292,84258068778,-0.26291316384073526,0.14285714285714285,0.0,0.8571428571428571,0.0,Reform Immigration FOR America,Clinton
293,85452072376,1.3441909159474756,0.0,1.0,0.0,0.0,Newsmax,Trump
294,86518833689,-0.13103347654209335,0.5,0.0,0.07142857142857142,0.42857142857142855,We Are Change,Other
295,86680728811,-0.10971591156286963,0.7857142857142857,0.0,0.07142857142857142,0.14285714285714285,ABC News,Other
296,86973707921,-0.37299442093228624,0.2857142857142857,0.0,0.6428571428571429,0.07142857142857142,Refinery29,Clinton
297,87445992218,0.08227763867114032,0.8571428571428571,0.0,0.14285714285714285,0.0,"21 WFMJ - Youngstown, OH",Other
298,88339957581,-0.22917486664645012,0.7857142857142857,0.0,0.07142857142857142,0.14285714285714285,NBC 6,Other
299,88683275177,-1.381947737060886,0.0,0.0,1.0,0.0,Telling Dick Cheney to Shut the Hell Up (by LeftAction.com),Clinton
300,89033370735,-0.22808481688558543,0.7857142857142857,0.0,0.07142857142857142,0.14285714285714285,E! News,Other
301,89613772643,0.011612966599432301,0.8571428571428571,0.0,0.0,0.14285714285714285,CNN en Español,Other
302,89686424098,-0.2078653306566284,0.7857142857142857,0.0,0.14285714285714285,0.07142857142857142,NBC New York,Other
303,90018331599,0.0277927301729991,0.7857142857142857,0.0,0.0,0.21428571428571427,FOX31 KDVR.com,Other
304,90240021027,-0.15815070722673677,0.7857142857142857,0.0,0.07142857142857142,0.14285714285714285,NBC LA,Other
305,90662953642,0.04957764300485669,0.7857142857142857,0.0,0.21428571428571427,0.0,WTAE-TV Pittsburgh,Other
306,90692553761,-0.7651381328804696,0.0,0.0,1.0,0.0,Morning Joe,Clinton
307,91686597689,0.1323232725027679,0.7857142857142857,0.07142857142857142,0.0,0.14285714285714285,NBC DFW,Other
308,92021268117,-1.3934910617856635,0.0,0.0,1.0,0.0,Working America,Clinton
309,92925746942,1.4931962774649976,0.0,1.0,0.0,0.0,Judicial Watch,Trump
310,93228695778,1.1657837318980468,0.0,1.0,0.0,0.0,Tea Party Patriots,Trump
311,95309701915,-0.6946797935352329,0.0,0.0,1.0,0.0,Tamron Hall,Clinton
312,95475020353,0.8022055733235712,0.0,1.0,0.0,0.0,Breitbart,Trump
313,95926963131,-0.15559055753031872,0.7857142857142857,0.0,0.07142857142857142,0.14285714285714285,People,Other
314,96623207231,-0.13168731088407787,0.7857142857142857,0.0,0.07142857142857142,0.14285714285714285,NBC10 Philadelphia,Other
315,97212224368,-0.38073303328746727,0.21428571428571427,0.0,0.7857142857142857,0.0,CNBC,Clinton
316,97464672662,2.098132833948477,0.0,1.0,0.0,0.0,Tammy Bruce,Trump
317,98658495398,-1.3483943054512795,0.0,0.0,1.0,0.0,Talking Points Memo,Clinton
318,99881661864,0.040049041365604006,0.8571428571428571,0.0,0.0,0.14285714285714285,Telemundo,Other
319,101165966152,-1.1175452192619366,0.0,0.0,1.0,0.0,AFL-CIO,Clinton
320,103708747870,-0.8088857608281294,0.0,0.0,1.0,0.0,Meet the Press,Clinton
321,103983379801,-1.1710356864931373,0.0,0.0,1.0,0.0,Texas Democratic Party,Clinton
322,104301781300,-0.007900676607448002,0.8571428571428571,0.0,0.0,0.14285714285714285,KREM 2 News,Other
323,104992520955,0.08456441201049249,0.8571428571428571,0.14285714285714285,0.0,0.0,"WGAL News Channel 8 Susquehanna Valley, Pa.",Other
324,105702905593,-0.3211436080857455,0.0,0.0,1.0,0.0,SFGATE,Clinton
325,106036541224,-0.14132712468273917,0.8571428571428571,0.07142857142857142,0.0,0.07142857142857142,NBC2 News,Other
326,106154574485,2.19358820923441,0.0,1.0,0.0,0.0,Legal Insurrection,Trump
327,106854275018,0.9795090975335635,0.0,1.0,0.0,0.0,Joe Pags,Trump
328,106916074935,0.5476978368520353,0.0,1.0,0.0,0.0,Lance Wallnau,Trump
329,108698394910,-0.12249715425669012,0.7857142857142857,0.0,0.07142857142857142,0.14285714285714285,BroBible,Other
330,112623813202,1.0862072838729444,0.0,1.0,0.0,0.0,LifeSiteNews.com,Trump
331,113201214447,-1.7988152407029363,0.0,0.0,1.0,0.0,Thom Hartmann,Clinton
332,114288853688,-0.17857855760799748,0.0,0.0,1.0,0.0,NBC Nightly News with Lester Holt,Clinton
333,115222941001,-0.1114746496046244,0.7857142857142857,0.0,0.07142857142857142,0.14285714285714285,WDIV Local 4 / ClickOnDetroit,Other
334,115777632950,1.2669564992726579,0.0,1.0,0.0,0.0,Lou Dobbs,Trump
335,116548701336,-0.32408053796560926,0.42857142857142855,0.0,0.5,0.07142857142857142,UPROXX,Clinton
336,116727628853,1.3830175043111872,0.0,1.0,0.0,0.0,RedFlag News,Trump
337,117272378049,1.320394884973915,0.0,1.0,0.0,0.0,The Howie Carr Show,Trump
338,118436878597,1.0496806512025734,0.0,1.0,0.0,0.0,LifeNews.com,Trump
339,119954941781,0.10803137875376721,0.7142857142857143,0.0,0.0,0.2857142857142857,KOCO 5 News,Other
340,120680396518,-0.9535928328427018,0.0,0.0,1.0,0.0,Salon,Clinton
341,120745732681,0.5488633061139961,0.0,1.0,0.0,0.0,Ivanka Trump,Trump
342,120984578858,0.5095961851367579,0.0,0.14285714285714285,0.0,0.8571428571428571,Lew Rockwell,Johnson
343,122044727596,-0.17703611218920964,0.8571428571428571,0.0,0.0,0.14285714285714285,Gucci Mane,Other
344,123159412963,-0.32523076008021234,0.5714285714285714,0.0,0.2857142857142857,0.14285714285714285,VIBE,Other
345,123192635089,1.2063482308872262,0.0,1.0,0.0,0.0,Republican National Committee,Trump
346,123624513983,0.8759089964725301,0.0,1.0,0.0,0.0,Western Journalism,Trump
347,124016042296,0.650475890763471,0.0,1.0,0.0,0.0,Ted Nugent,Trump
348,124434790836,-0.7267424069465671,0.0,0.0,1.0,0.0,Texas Tribune,Clinton
349,126339201288,-0.04396609528693381,0.8571428571428571,0.0,0.0,0.14285714285714285,El Nuevo Herald,Other
350,126756847074,-0.34150708109103334,0.0,0.0,1.0,0.0,Adweek,Clinton
351,129930197818,-0.1163298533098418,0.5,0.0,0.42857142857142855,0.07142857142857142,Michael Baisden Live,Other
352,131010790489,1.0517174950427532,0.07142857142857142,0.9285714285714286,0.0,0.0,Shepard Smith,Trump
353,131043201847,-0.3534110101994702,0.07142857142857142,0.0,0.7857142857142857,0.14285714285714285,MarketWatch,Clinton
354,131459315949,-0.2098723152572702,0.21428571428571427,0.0,0.7142857142857143,0.07142857142857142,CBS News,Clinton
355,131929868907,-0.20051920412615096,0.21428571428571427,0.0,0.6428571428571429,0.14285714285714285,Collective Evolution,Clinton
356,133877811759,0.1326024547476332,0.6428571428571429,0.21428571428571427,0.07142857142857142,0.07142857142857142,WNCT-TV,Other
357,134193140910,1.1678957222869715,0.0,1.0,0.0,0.0,Being Conservative,Trump
358,134486075205,-0.18285900236237176,0.8571428571428571,0.0,0.0,0.14285714285714285,New York Post,Other
359,136720375047,-0.0759658624602223,0.5714285714285714,0.0,0.42857142857142855,0.0,IrishCentral.com,Other
360,136764599915,-1.6409699703370144,0.0,0.0,1.0,0.0,The Ring of Fire,Clinton
361,137767151365,-0.24932611424610882,0.2857142857142857,0.0,0.42857142857142855,0.2857142857142857,RT America,Clinton
362,138569239368,0.4023393505631328,0.0,0.8571428571428571,0.0,0.14285714285714285,West Coast Choppers,Trump
363,140254320968,-1.0232341528894469,0.0,0.0,1.0,0.0,Tim Wise,Clinton
364,140647865392,0.35599063705132983,0.0,1.0,0.0,0.0,CBN News,Trump
365,143666524748,-0.23584001667646307,0.07142857142857142,0.0,0.8571428571428571,0.07142857142857142,The Telegraph,Clinton
366,145184572013,0.0480348777602967,0.8571428571428571,0.0,0.0,0.14285714285714285,3TV Phoenix,Other
367,147246951649,-1.9065766328268696,0.0,0.0,1.0,0.0,LOLGOP,Clinton
368,147772245840,1.223117985640633,0.0,1.0,0.0,0.0,Young Conservatives,Trump
369,147823328841,-0.06948611595137101,0.5,0.0,0.07142857142857142,0.42857142857142855,David Icke,Other
370,149126144574,0.0725288106707479,0.9285714285714286,0.0,0.0,0.07142857142857142,Fox 59 WXIN Indianapolis,Other
371,149475666523,-0.46374798984012416,0.21428571428571427,0.0,0.7857142857142857,0.0,The View,Clinton
372,150354326163,0.4392694140371453,0.0,1.0,0.0,0.0,Proud to be an American,Trump
373,153080620724,0.3772126505188967,0.0,1.0,0.0,0.0,Donald J. Trump,Trump
374,154672041747,-2.2797746309049844,0.0,0.0,1.0,0.0,Right Wing Watch,Clinton
375,155840847453,1.310027450303522,0.0,1.0,0.0,0.0,Bill Whittle,Trump
376,159207208524,0.0088983206954739,0.7857142857142857,0.07142857142857142,0.0,0.14285714285714285,FOX 13 News - Tampa Bay,Other
377,160288360552,-0.14101922210492648,0.7857142857142857,0.0,0.07142857142857142,0.14285714285714285,Fox 11 Los Angeles,Other
378,161419311535,-1.216005170355155,0.0,0.0,1.0,0.0,New Republic,Clinton
379,162245191716,-0.7081231893943478,0.0,0.0,1.0,0.0,LGBTQ Nation,Clinton
380,165297924363,0.0064724343922566005,0.0,0.0,0.0,1.0,Gary Johnson,Johnson
381,165583971161,-0.0989130007498822,0.8571428571428571,0.0,0.0,0.14285714285714285,ABC 7 Chicago,Other
382,167847008004,-0.0009030038600053998,0.8571428571428571,0.0,0.0,0.14285714285714285,Noticias Telemundo,Other
383,168311177572,-0.0009375916485125998,0.8571428571428571,0.07142857142857142,0.0,0.07142857142857142,Fox 35 WOFL,Other
384,168744703121,-0.0729468705738121,0.9285714285714286,0.0,0.0,0.07142857142857142,FOX25 News,Other
385,171577161630,0.0231563170498354,0.8571428571428571,0.0,0.0,0.14285714285714285,AL ROJO VIVO,Other
386,171964245890,0.18411048276489578,0.07142857142857142,0.42857142857142855,0.0,0.5,Dr. Tenpenny on Vaccines,Johnson
387,172530812092,0.123936226373198,0.8571428571428571,0.0,0.0,0.14285714285714285,FOX 4 News,Other
388,173347701125,1.554969742951091,0.42857142857142855,0.5714285714285714,0.0,0.0,Governor Jan Brewer,Trump
389,174725429795,-0.021723397184176204,0.8571428571428571,0.0,0.0,0.14285714285714285,Univision Noticias,Other
390,175719755481,-0.20619015227719326,0.21428571428571427,0.0,0.5714285714285714,0.21428571428571427,Truth Theory,Clinton
391,177486166274,-0.7801134730064081,0.0,0.0,1.0,0.0,Being Liberal,Clinton
392,180058246050,-1.464312171050157,0.0,0.0,1.0,0.0,John Fugelsang,Clinton
393,180526851447,-0.1365398534237103,0.6428571428571429,0.0,0.35714285714285715,0.0,KATU News,Other
394,181135410243,0.6024404333819512,0.0,1.0,0.0,0.0,Law Enforcement Today,Trump
395,181893712536,-2.1554615818561373,0.0,0.0,1.0,0.0,Willies Media LLC,Clinton
396,182919686769,0.9657392396932031,0.0,1.0,0.0,0.0,The Daily Caller,Trump
397,186625219983,-0.46522834962026577,0.07142857142857142,0.0,0.8571428571428571,0.07142857142857142,The African History Network,Clinton
398,187432262698,2.0716447756381027,0.0,1.0,0.0,0.0,FOX News Radio,Trump
399,188355460514,0.9559866609985511,0.0,1.0,0.0,0.0,Capitalism,Trump
400,189885532970,0.744616783950166,0.0,1.0,0.0,0.0,Conservative Daily,Trump
401,193266897438,1.3121155086838459,0.0,1.0,0.0,0.0,Pamela Geller,Trump
402,195530355493,0.7903630681409048,0.0,1.0,0.0,0.0,Chicks On The Right,Trump
403,195974498373,-0.338269020713459,0.7142857142857143,0.0,0.14285714285714285,0.14285714285714285,Jimmy Kimmel Live,Other
404,196087640574,1.8182297399553315,0.0,1.0,0.0,0.0,Gateway Pundit,Trump
405,197211981599,-0.1044599565550693,0.5714285714285714,0.0,0.14285714285714285,0.2857142857142857,Boston Herald,Other
406,197843195004,-1.3820633940886142,0.0,0.0,1.0,0.0,Democrats Abroad,Clinton
407,198650096517,-0.48345776706453386,0.0,0.0,1.0,0.0,PinkNews,Clinton
408,203055485347,-0.0017032783625844999,0.8571428571428571,0.0,0.0,0.14285714285714285,FOX 26 Houston,Other
409,206080093131,-0.8018379196273743,0.0,0.0,1.0,0.0,Tiller,Clinton
410,206703882302,-0.27073478834452247,0.14285714285714285,0.07142857142857142,0.7142857142857143,0.07142857142857142,Breaking News,Clinton
411,207697880579,-0.5901996075654086,0.0,0.0,1.0,0.0,Marianne Williamson,Clinton
412,207770190801,2.0453982048670167,0.14285714285714285,0.8571428571428571,0.0,0.0,Judge Andrew Napolitano,Trump
413,208421665712,-0.210383909228374,0.7857142857142857,0.0,0.07142857142857142,0.14285714285714285,TMZ,Other
414,208763874023,1.6428105868373233,0.0,1.0,0.0,0.0,Barracuda Brigade,Trump
415,210277954204,-0.7100750527440097,0.0,0.0,1.0,0.0,The Young Turks,Clinton
416,210413314011,-0.023609142751703897,0.8571428571428571,0.0,0.0,0.14285714285714285,KMPH FOX 26,Other
417,211482380627,0.014203668754796896,0.5714285714285714,0.0,0.0,0.42857142857142855,Disclose.tv,Other
418,211919680353,-0.03914718902502269,0.8571428571428571,0.0,0.0,0.14285714285714285,La Opinion,Other
419,213937547649,1.7024940228142047,0.0,1.0,0.0,0.0,The Kitchen Cabinet,Trump
420,214832449817,-0.19131714347731726,0.7857142857142857,0.0,0.07142857142857142,0.14285714285714285,ABC World News Tonight with David Muir,Other
421,215148520550,1.621805490231804,0.0,1.0,0.0,0.0,Patriot Update,Trump
422,215199900044,-0.037353048295048305,0.8571428571428571,0.0,0.0,0.14285714285714285,KENS 5 & Kens5.com,Other
423,218707647888,-1.3687071334227132,0.0,0.0,1.0,0.0,"Washington Post Opinions, Outlook, and PostEverything",Clinton
424,228735667216,-0.15960949560722354,0.0,0.0,1.0,0.0,BBC News,Clinton
425,232843448409,-0.713937452961443,0.0,0.0,1.0,0.0,Ezra Klein,Clinton
426,233116802464,-0.08485694515293798,0.0,0.0,0.5714285714285714,0.42857142857142855,Independent Voter,Clinton
427,235203259169,1.0714628410581584,0.0,1.0,0.0,0.0,Herman Cain,Trump
428,238182898451,-0.6027491346022407,0.5,0.0,0.2857142857142857,0.21428571428571427,The Juice Media,Other
429,242181938605,0.19102676949969993,0.14285714285714285,0.07142857142857142,0.0,0.7857142857142857,U.S Army W.T.F!  moments,Johnson
430,245481491808,0.8238774499824643,0.0,1.0,0.0,0.0,Now The End Begins,Trump
431,247174242966,-0.16977709131489419,0.35714285714285715,0.0,0.0,0.6428571428571429,THE GREAT AWAKENING,Johnson
432,253645602134,-1.4879504205206886,0.0,0.0,1.0,0.0,Boycott Rush Limbaugh's Sponsors to SHUT HIM DOWN.,Clinton
433,256566055895,1.619644496061053,0.0,1.0,0.0,0.0,Paula Priesse,Trump
434,257702340061,0.5069704788101232,0.0,0.2857142857142857,0.0,0.7142857142857143,Peter Schiff,Johnson
435,259617042211,0.1798260759362041,0.7142857142857143,0.07142857142857142,0.07142857142857142,0.14285714285714285,KWTV - NEWS 9,Other
436,259955926518,0.005480802519969298,0.8571428571428571,0.0,0.0,0.14285714285714285,Univision,Other
437,261323008476,-0.012563698271303799,0.7857142857142857,0.0,0.0,0.21428571428571427,WJZ-TV | CBS Baltimore,Other
438,261624820205,1.0001432686938538,0.07142857142857142,0.9285714285714286,0.0,0.0,Carly Fiorina,Trump
439,262444655369,-0.7838996513754056,0.14285714285714285,0.0,0.8571428571428571,0.0,Christiane Amanpour,Clinton
440,263743636076,-0.012784974234447995,0.7857142857142857,0.0,0.0,0.21428571428571427,9NEWS (KUSA),Other
441,266790296879,-0.22950423078404333,0.0,0.0,1.0,0.0,Bloomberg,Clinton
442,268914272540,-0.4706150390259465,0.0,0.0,1.0,0.0,New York Daily News,Clinton
443,271042954725,1.3359741848083446,0.0,1.0,0.0,0.0,Laura Ingraham,Trump
444,272030711614,0.05614942014083212,1.0,0.0,0.0,0.0,WPXI-TV Pittsburgh,Other
445,275873817350,1.0309451104909155,0.0,1.0,0.0,0.0,Support Tebow’s Super Bowl Ad,Trump
446,281168802721,-1.361339682435999,0.0,0.0,1.0,0.0,Political Loudmouth,Clinton
447,281709225144,-1.0616668352557654,0.0,0.0,1.0,0.0,UPROXX News,Clinton
448,286683382423,-0.14763101483256633,0.5714285714285714,0.0,0.07142857142857142,0.35714285714285715,Ebaum's World,Other
449,292351509697,0.3113392871147021,0.0,1.0,0.0,0.0,Jerusalem Prayer Team,Trump
450,295199098300,-0.13532720750253496,0.14285714285714285,0.0,0.8571428571428571,0.0,Scary Mommy,Clinton
451,304981108326,-0.7859442998230559,0.0,0.0,1.0,0.0,Join the Coffee Party Movement,Clinton
452,310937177514,-1.3952596866033689,0.07142857142857142,0.0,0.9285714285714286,0.0,Unofficial: TEAM HILLARY CLINTON,Clinton
453,312383761871,-1.2374876968202204,0.07142857142857142,0.0,0.9285714285714286,0.0,"Mrs. Betty Bowers, America's Best Christian",Clinton
454,316774245761,-0.1009965210174586,0.8571428571428571,0.0,0.0,0.14285714285714285,My San Antonio from the Express-News,Other
455,326683984410,-0.10033998457606798,0.5,0.0,0.21428571428571427,0.2857142857142857,RT,Other
456,328028680122,1.062103675858149,0.0,1.0,0.0,0.0,Reclaim America,Trump
457,334162806080,-1.2342244280226795,0.0,0.0,1.0,0.0,Bob The Wonder Poodle,Clinton
458,338028696036,-0.2870033071162989,0.0,0.0,1.0,0.0,Yahoo News,Clinton
459,338263012624,1.511092902173573,0.0,1.0,0.0,0.0,"God, Guns, Freedom and the American Way",Trump
460,340093714072,-0.34496626384678036,0.07142857142857142,0.0,0.9285714285714286,0.0,CBS Evening News with Scott Pelley,Clinton
461,343144130872,1.8541741946518009,0.0,1.0,0.0,0.0,Conservative 50 - Living The American Dream,Trump
462,353026650079,-0.6792339244966874,0.0,0.0,1.0,0.0,Friendly Atheist,Clinton
463,354339424984,-0.028192312028784406,0.8571428571428571,0.0,0.0,0.14285714285714285,Aquí y Ahora,Other
464,358168880614,-1.2284387543201447,0.0,0.0,1.0,0.0,The New Civil Rights Movement,Clinton
465,359591544295,1.344300921577044,0.0,1.0,0.0,0.0,Joe the Plumber,Trump
466,359772106595,0.010673773295132697,0.8571428571428571,0.0,0.0,0.14285714285714285,Primer Impacto,Other
467,363658042993,-0.1445390635036636,0.7857142857142857,0.0,0.07142857142857142,0.14285714285714285,FOX 2 Detroit,Other
468,367292494407,1.3603559003566725,0.0,1.0,0.0,0.0,AJC - Global Jewish Advocacy,Trump
469,369116414061,0.033860384611479895,0.8571428571428571,0.0,0.0,0.14285714285714285,KHOU 11 News,Other
470,370870329165,0.11690940012013044,0.7142857142857143,0.21428571428571427,0.0,0.07142857142857142,Fox Carolina News,Other
471,374111579728,-0.9927378903463141,0.0,0.0,1.0,0.0,Washington Post Politics,Clinton
472,407983411392,-1.2626853399521205,0.0,0.0,1.0,0.0,The Bitchy Pundit,Clinton
473,408250066356,1.3926759551277166,0.0,1.0,0.0,0.0,Bill O'Reilly,Trump
474,436749055071,-0.34161256850662325,0.0,0.0,1.0,0.0,Deadspin,Clinton
475,449072550051,-0.061793958807322406,0.8571428571428571,0.0,0.0,0.14285714285714285,Maria Elena Salinas,Other
476,100434040001314,-1.6178988893759991,0.0,0.0,1.0,0.0,Wonkette,Clinton
477,100450643330760,-0.12259663786400442,0.7857142857142857,0.0,0.07142857142857142,0.14285714285714285,10News – ABC San Diego KGTV,Other
478,100503403440061,-1.837886925645454,0.0,0.0,1.0,0.0,Democrats Organizing For America,Clinton
479,101043269988443,1.0703957748822144,0.0,1.0,0.0,0.0,Daniel Bongino,Trump
480,101877489873438,0.6289035125401953,0.35714285714285715,0.6428571428571429,0.0,0.0,"Phil Robertson ""The Duck Commander""",Trump
481,101988643193353,2.0463274750542557,0.0,1.0,0.0,0.0,Neil Cavuto,Trump
482,102001589864063,2.570567368833505,0.0,1.0,0.0,0.0,Education Action Group,Trump
483,102607669823762,0.34744674280465304,0.0,0.0,0.0,1.0,Being Libertarian,Johnson
484,102938906478343,-0.4551948941019435,0.14285714285714285,0.07142857142857142,0.7857142857142857,0.0,Erin Burnett OutFront,Clinton
485,103355973074163,1.6730141085103367,0.0,1.0,0.0,0.0,Matt Kibbe,Trump
486,103523196350872,-2.105506376727045,0.0,0.0,1.0,0.0,Americans Against Fox News and Republican Lies,Clinton
487,103551633078066,-0.7755221352195923,0.0,0.0,1.0,0.0,Chelsea Clinton,Clinton
488,103729003025453,-0.8512065723363323,0.07142857142857142,0.0,0.9285714285714286,0.0,Junot Díaz,Clinton
489,103971336305218,1.9546674053234365,0.0,1.0,0.0,0.0,Hot Air,Trump
490,104200886277050,-1.1213979456284426,0.0,0.0,1.0,0.0,THE BEER PARTY,Clinton
491,104538106289197,-0.5324682451064885,0.0,0.0,1.0,0.0,Business Insider: Politics,Clinton
492,106004666100932,0.6835685197336919,0.0,1.0,0.0,0.0,Perry Stone Ministries,Trump
493,106313546083516,0.7801561639147935,0.0,1.0,0.0,0.0,The Steve Sanchez Show,Trump
494,106368016062691,0.5275735374378242,0.0,1.0,0.0,0.0,Rick Joyner,Trump
495,106547192707583,1.9785354517202831,0.0,1.0,0.0,0.0,RedState,Trump
496,107078819420141,0.7102085484955297,0.0,0.9285714285714286,0.0,0.07142857142857142,Ron Dwyer,Trump
497,107546629279454,1.3214492705708873,0.0,1.0,0.0,0.0,TRUNEWS,Trump
498,107651419258212,-0.3303085450943729,0.7857142857142857,0.0,0.07142857142857142,0.14285714285714285,AOL,Other
499,107699875915002,-1.4521596238492323,0.0,0.0,1.0,0.0,The Pragmatic Progressive Page,Clinton
500,107705785934333,1.0304323616956963,0.0,1.0,0.0,0.0,The Federalist Papers,Trump
501,107710719302307,-0.008695809773043402,0.42857142857142855,0.0,0.35714285714285715,0.21428571428571427,Ultimate Classic Rock,Other
502,108038612554992,-1.257757235670454,0.0,0.0,1.0,0.0,Americans Against the Tea Party,Clinton
503,108084519236943,0.9110335104852254,0.0,1.0,0.0,0.0,Mark Dice,Trump
504,108571612499317,0.17196619911100333,0.8571428571428571,0.0,0.0,0.14285714285714285,CBS DFW,Other
505,108684239179404,0.14077062222478756,0.7857142857142857,0.0,0.07142857142857142,0.14285714285714285,WCTI NewsChannel 12,Other
506,108924385822784,0.025548148864207306,0.7142857142857143,0.14285714285714285,0.0,0.14285714285714285,FOX 10 Phoenix,Other
507,109200595768753,-0.9769229494523498,0.0,0.0,1.0,0.0,The Christian Left,Clinton
508,109880029049898,-0.9236605001094934,0.0,0.0,1.0,0.0,I will vote for Obama in 2012.,Clinton
509,110260895670639,0.016112740300214305,0.8571428571428571,0.0,0.0,0.14285714285714285,KPRC2 / Click2Houston,Other
510,110598432306650,0.21043089470926737,0.0,0.0,0.0,1.0,Doctrine Man,Johnson
511,111627345541631,1.4877628309776691,0.0,1.0,0.0,0.0,Stand With Arizona (and Against Illegal Immigration),Trump
512,111938618893743,0.780321111654798,0.0,1.0,0.0,0.0,Fox & Friends,Trump
513,112325855474892,-1.2541412390340025,0.0,0.0,1.0,0.0,Speak Up For Education and Kids,Clinton
514,112415152112864,1.6297795808580025,0.0,1.0,0.0,0.0,Conservative Lady,Trump
515,112723252096438,0.6789632154159364,0.0,1.0,0.0,0.0,The Political Insider,Trump
516,112779115408517,-0.06818693359058402,0.8571428571428571,0.0,0.07142857142857142,0.07142857142857142,KIRO 7 News,Other
517,112883682080346,1.2534030383118702,0.0,1.0,0.0,0.0,Conservatives Against Obama's Liberal Agenda,Trump
518,113544412001601,-1.4122060594142192,0.0,0.0,1.0,0.0,Lou Colagiovanni,Clinton
519,113676922032321,1.3454522121511017,0.0,1.0,0.0,0.0,Larry Elder,Trump
520,114050161948682,-0.3432842240012635,0.0,0.0,1.0,0.0,Reuters,Clinton
521,114114045339706,-1.2945353274594937,0.0,0.0,1.0,0.0,Hardball with Chris Matthews,Clinton
522,114270361928171,-0.9486449244702125,0.0,0.0,1.0,0.0,Americans Against The Republican Party,Clinton
523,114352081949970,-0.9511919269703929,0.2857142857142857,0.07142857142857142,0.6428571428571429,0.0,Face The Nation,Clinton
524,114364638621903,0.7153617839801106,0.0,1.0,0.0,0.0,ForAmerica,Trump
525,114431401958534,-0.13926075414390524,0.7857142857142857,0.0,0.14285714285714285,0.07142857142857142,KOMO News,Other
526,114517875225866,-0.32865648811529036,0.0,0.0,1.0,0.0,The Other 98%,Clinton
527,114528955231791,-1.3409329076334389,0.0,0.0,1.0,0.0,Bill Moyers,Clinton
528,114787771891255,0.10950583936789006,0.9285714285714286,0.07142857142857142,0.0,0.0,WSOC-TV,Other
529,114896831960040,-0.05428456666360281,0.5,0.0,0.0,0.5,WorldTruth.TV,Other
530,114945745226947,-1.3303624419927407,0.0,0.0,1.0,0.0,The Last Word With Lawrence O'Donnell,Clinton
531,115099421882868,-0.4008429360999652,0.0,0.0,1.0,0.0,Bette Midler,Clinton
532,115853591820469,0.0757292511216574,0.9285714285714286,0.0,0.0,0.07142857142857142,Action News Jacksonville,Other
533,115919138428537,-0.4240727961539408,0.14285714285714285,0.0,0.7857142857142857,0.07142857142857142,MAD Magazine,Clinton
534,116056801813862,0.8015143110567683,0.0,1.0,0.0,0.0,Charisma News,Trump
535,116757565026850,2.399917738920504,0.0,1.0,0.0,0.0,Conservative Book Club,Trump
536,116789651713844,0.015549740289879202,0.8571428571428571,0.0,0.0,0.14285714285714285,Yahoo En Español,Other
537,116849198376359,-0.3954436162711386,0.21428571428571427,0.0,0.6428571428571429,0.14285714285714285,Michael Ausiello,Clinton
538,116933681791119,1.9351501365969284,0.0,1.0,0.0,0.0,Conservative News,Trump
539,117383481635060,0.8345046605872303,0.0,1.0,0.0,0.0,Kevin Sorbo Official Facebook Page,Trump
540,117390398386135,-0.1564376302751382,0.5,0.0,0.07142857142857142,0.42857142857142855,Wake Up News,Other
541,117521968329803,-1.223928905345563,0.0,0.0,1.0,0.0,Save Main St,Clinton
542,117753738569185,-0.3383260658709121,0.5,0.0,0.35714285714285715,0.14285714285714285,Super Deluxe,Other
543,118072751537945,1.6032729966830057,0.0,0.9285714285714286,0.0,0.07142857142857142,Joe Miller,Trump
544,119049414803510,1.856476688977941,0.0,1.0,0.0,0.0,The American Spectator,Trump
545,119984188013847,1.5985350149384876,0.0,1.0,0.0,0.0,WND,Trump
546,122177661170978,-0.6051105596742489,0.14285714285714285,0.0,0.7857142857142857,0.07142857142857142,NewsOne,Clinton
547,122560544447547,-0.1962648098869448,0.0,0.0,1.0,0.0,Someecards,Clinton
548,122624624418852,-1.201438920100118,0.0,0.0,1.0,0.0,NPR Morning Edition,Clinton
549,122797691248638,0.3960281583197284,0.0,0.9285714285714286,0.0,0.07142857142857142,Breaking911,Trump
550,123061011213236,0.5955949204948005,0.0,0.0,0.0,1.0,Unbiased America,Johnson
551,123123377842466,1.1830001008518332,0.0,1.0,0.0,0.0,American Patriot,Trump
552,123929004309642,0.11542038829398356,0.0,0.0,0.0,1.0,Punk Rock Libertarians,Johnson
553,124538510989702,1.0797024546924434,0.0,1.0,0.0,0.0,2nd Amendment,Trump
554,124955570892789,-0.563459769098328,0.0,0.0,1.0,0.0,Bernie Sanders,Clinton
555,124978350989069,-0.4584676816236916,0.21428571428571427,0.0,0.5714285714285714,0.21428571428571427,Revolution News,Clinton
556,125342830842328,0.6833498245687653,0.0,1.0,0.0,0.0,Jews News,Trump
557,125567187620459,-1.1844952920674758,0.0,0.0,1.0,0.0,The Jon Stewart Fan Page.,Clinton
558,125598484184243,-0.1508147928849173,0.5714285714285714,0.0,0.07142857142857142,0.35714285714285715,Illuminati Exposed Media,Other
559,125955227438903,-1.4442911088019696,0.0,0.0,1.0,0.0,I love it when I wake up in the morning and Barack Obama is President.,Clinton
560,127175687433107,0.8364744883774241,0.0,0.0,0.0,1.0,The Libertarian Republic,Johnson
561,127331977364992,-2.0819182766304882,0.14285714285714285,0.0,0.8571428571428571,0.0,Free Wood Post,Clinton
562,127559550648374,-0.33374652013311856,0.2857142857142857,0.0,0.6428571428571429,0.07142857142857142,The Daily Dot,Clinton
563,128015890542670,-0.4217297234826409,0.0,0.0,1.0,0.0,Yahoo Finance,Clinton
564,128334087241432,1.0857086930023334,0.0,1.0,0.0,0.0,Todd Starnes,Trump
565,128472013912354,-0.1917647734333134,0.7142857142857143,0.0,0.14285714285714285,0.14285714285714285,Movie Pilot Superheroes,Other
566,128520090495170,1.637517225506379,0.0,1.0,0.0,0.0,Wayne Allyn Root,Trump
567,129184427195815,0.8052272238174484,0.0,1.0,0.0,0.0,"Craig ""Sawman"" Sawyer",Trump
568,129255907131113,0.7513568038442504,0.0,1.0,0.0,0.0,NumbersUSA,Trump
569,129617873765147,-0.13266155669388674,0.7857142857142857,0.0,0.0,0.21428571428571427,Daily Express,Other
570,129879573711973,1.381588593671019,0.0,1.0,0.0,0.0,Obama Is Officially The Worst President In American History!,Trump
571,131004177063779,1.4539752497169902,0.0,1.0,0.0,0.0,America Secede or Die,Trump
572,131110227015527,0.4961480856762324,0.0,0.0,0.0,1.0,Julie Borowski,Johnson
573,131149920304237,-0.3703400019710762,0.0,0.0,1.0,0.0,HuffPost Weird News,Clinton
574,131201286936061,0.6156336497792666,0.0,1.0,0.0,0.0,Franklin Graham,Trump
575,131247023568988,-1.17441224524104,0.0,0.0,1.0,0.0,Liberal And Proud Of It,Clinton
576,131507887215985,0.23059041092395163,0.14285714285714285,0.0,0.0,0.8571428571428571,The Daily DfP,Johnson
577,131559043673264,-0.8773499122906508,0.0,0.0,1.0,0.0,U.S. Senator Elizabeth Warren,Clinton
578,132812533432684,-1.4594577207932207,0.0,0.0,1.0,0.0,Stop Telling Lies,Clinton
579,133279166727577,1.1993635766919437,0.0,1.0,0.0,0.0,The Tea Party,Trump
580,133352176797969,0.6124339227392009,0.0,1.0,0.0,0.0,The Comical Conservative,Trump
581,133961323610549,0.7383879672293437,0.0,1.0,0.0,0.0,Donald Trump For President,Trump
582,134176153323755,-1.9425299342832398,0.0,0.0,1.0,0.0,Left Wing Nation,Clinton
583,134525006573190,-1.4019427769683117,0.0,0.0,1.0,0.0,Sick of the Slant - A Fair Look at the News of the Day,Clinton
584,135010313189665,0.4899961788669351,0.0,1.0,0.0,0.0,End Time Headlines,Trump
585,135665053303678,1.1146385690889302,0.0,1.0,0.0,0.0,Eagle Rising,Trump
586,136264019722601,1.0720968264201345,0.0,1.0,0.0,0.0,Rush Limbaugh,Trump
587,136314663191943,-1.638816425503961,0.0,0.0,1.0,0.0,I will vote for Hillary in 2016.,Clinton
588,136506519748694,-2.076158681012348,0.0,0.0,1.0,0.0,Seniors for a Democratic Society,Clinton
589,138113353016606,-0.508637544269173,0.0,0.0,1.0,0.0,The Gaily Grind.com,Clinton
590,138442296229429,-1.2529485636408437,0.14285714285714285,0.0,0.8571428571428571,0.0,Telling Donald Trump He's Full of Crap (by LeftAction.com),Clinton
591,138691142964027,0.6125070277782474,0.0,1.0,0.0,0.0,Dr. Ben Carson,Trump
592,139398939438430,-1.1106470729325173,0.0,0.0,1.0,0.0,Left Action,Clinton
593,140738092630206,0.7828734620119995,0.0,1.0,0.0,0.0,TheBlaze,Trump
594,140964492685424,0.8896370159003807,0.0,1.0,0.0,0.0,Rand Paul 2016,Trump
595,141513472571212,1.435661543747988,0.0,1.0,0.0,0.0,Bret Baier,Trump
596,142026122544366,0.8075805742024809,0.0,1.0,0.0,0.0,One Nation Under God,Trump
597,142125212473533,1.114604405704405,0.0,1.0,0.0,0.0,Mr. Conservative,Trump
598,142474049098533,-0.8037252884701189,0.0,0.0,1.0,0.0,Robert Reich,Clinton
599,142868065759441,0.7140736511391558,0.0,1.0,0.0,0.0,The Revolution,Trump
600,143753582359049,-0.21408042344397768,0.42857142857142855,0.0,0.5,0.07142857142857142,Huffington Post UK,Clinton
601,143928478973403,1.053229239918323,0.0,1.0,0.0,0.0,Red White Blue News,Trump
602,144317282271701,1.9931050420172343,0.0,1.0,0.0,0.0,American Thinker,Trump
603,144868455552699,1.6431980304408678,0.0,1.0,0.0,0.0,Fox News Politics,Trump
604,145170355529600,1.2478937246889783,0.0,1.0,0.0,0.0,National Pro-Life Alliance,Trump
605,146422995398181,-0.8748615970881845,0.0,0.0,1.0,0.0,Addicting Info,Clinton
606,146612062031906,2.1681905891587934,0.0,1.0,0.0,0.0,Spokane Conservative Examiner,Trump
607,149131141771785,0.8098681960830271,0.0,1.0,0.0,0.0,Guns.com,Trump
608,149817218374125,2.3922839994706497,0.0,1.0,0.0,0.0,Girls Just Wanna Have Guns,Trump
609,150012808367284,1.03126865699044,0.0,1.0,0.0,0.0,The Australian Tea Party,Trump
610,150799104953073,0.7759957483912814,0.0,1.0,0.0,0.0,United With Israel,Trump
611,151159641657421,0.15053779155992048,0.42857142857142855,0.5714285714285714,0.0,0.0,The Times of Israel,Trump
612,152308008195941,-1.133492397701204,0.0,0.0,1.0,0.0,FreakOutNation,Clinton
613,153005644864469,-1.5806257082814512,0.0,0.0,1.0,0.0,All In with Chris Hayes,Clinton
614,153213781413350,-0.6126948635123394,0.0,0.0,1.0,0.0,HuffPost Women,Clinton
615,153924901307555,-0.5985235459471036,0.0,0.0,1.0,0.0,The Cut,Clinton
616,153964677960664,-1.60424753919544,0.0,0.0,1.0,0.0,Keith Olbermann Fan Page,Clinton
617,154018957983813,0.4904923949715317,0.0,0.5,0.21428571428571427,0.2857142857142857,Georgia Politics News Now,Trump
618,155626841228459,1.3472768525476817,0.0,1.0,0.0,0.0,The Silent Majority,Trump
619,155869377766434,-0.2557774696755502,0.0,0.0,1.0,0.0,NBC News,Clinton
620,156720204453023,-0.24049649220866579,0.42857142857142855,0.0,0.35714285714285715,0.21428571428571427,The Anti-Media,Other
621,157750900979288,-0.3792931855692183,0.0,0.0,1.0,0.0,God,Clinton
622,158352134203230,-0.2132383397758463,0.7142857142857143,0.0,0.14285714285714285,0.14285714285714285,moviepilot.com,Other
623,158671177481084,1.010082898441617,0.0,1.0,0.0,0.0,Greta Van Susteren,Trump
624,158924294183807,1.1502664113074155,0.0,1.0,0.0,0.0,Allen West Republic,Trump
625,159050394216641,0.2714159571984625,0.2857142857142857,0.7142857142857143,0.0,0.0,The Jerusalem Post / JPost.com,Trump
626,159499837454214,-1.7791249918580585,0.0,0.0,1.0,0.0,Rude and Rotten Republicans,Clinton
627,159589220724202,1.7523085629390567,0.0,1.0,0.0,0.0,Fox News Opinion,Trump
628,159658557547960,0.28291979197025097,0.0,0.7142857142857143,0.07142857142857142,0.21428571428571427,WSJ Opinion,Trump
629,159907557427805,-0.9269955360600478,0.0,0.0,1.0,0.0,Voters For Equality,Clinton
630,160389977329803,-0.3431837376615333,0.07142857142857142,0.0,0.9285714285714286,0.0,ATTN:,Clinton
631,161453087348302,1.91547845015576,0.0,1.0,0.0,0.0,Stop Hillary PAC,Trump
632,161528283857490,1.8980517693780643,0.0,1.0,0.0,0.0,Fox News Video,Trump
633,161829897161822,0.0333437260381133,0.8571428571428571,0.0,0.0,0.14285714285714285,Vicente Fernandez,Other
634,163121917034901,-1.387776365425815,0.0,0.0,1.0,0.0,JoeMyGod,Clinton
635,163313620412982,0.8352366437708701,0.0,1.0,0.0,0.0,James T Harris,Trump
636,163513530519501,-0.44680844285404225,0.0,0.0,1.0,0.0,Brad Takei,Clinton
637,164305410295882,-0.08518420115207649,0.5714285714285714,0.0,0.2857142857142857,0.14285714285714285,Daily Mail,Other
638,164665060214766,-0.15611033599927066,0.5714285714285714,0.0,0.21428571428571427,0.21428571428571427,Sky News,Other
639,164878620263509,-0.5879325397514198,0.5714285714285714,0.0,0.35714285714285715,0.07142857142857142,NBC Latino,Other
640,165284543530775,1.0878560739566638,0.0,1.0,0.0,0.0,We can end abortion,Trump
641,166618413413767,1.1225742732991577,0.0,1.0,0.0,0.0,Jay Sekulow,Trump
642,166622430080749,-0.492011469834055,0.0,0.0,1.0,0.0,Gay Star News,Clinton
643,167115176655082,-0.3623907539076404,0.14285714285714285,0.0,0.7857142857142857,0.07142857142857142,VICE,Clinton
644,167423346623633,-0.1827200525487029,0.7142857142857143,0.0,0.14285714285714285,0.14285714285714285,Cashflow Harlem,Other
645,167529403402369,-1.0336055610120876,0.0,0.0,1.0,0.0,Living Blue in Texas,Clinton
646,167640156628553,1.7077714179855488,0.0,1.0,0.0,0.0,David Webb,Trump
647,168879986499653,-1.6332621588662033,0.0,0.0,1.0,0.0,"I will get more""Likes""than Scott Walker",Clinton
648,169204449790211,1.286016417492464,0.0,1.0,0.0,0.0,Conservative News Today,Trump
649,169676909894983,0.5620309548640768,0.0,1.0,0.0,0.0,Uncle Sam's Misguided Children,Trump
650,171054229642299,-0.015079714514914697,0.9285714285714286,0.0,0.0,0.07142857142857142,Vida Guerra,Other
651,171133359591663,-0.1973693220015476,0.5,0.0,0.42857142857142855,0.07142857142857142,Rickey Smiley Official FanPage,Other
652,172143546163601,-0.33534011916235296,0.07142857142857142,0.14285714285714285,0.7142857142857143,0.07142857142857142,Carol Costello,Clinton
653,172526489431467,2.1967619828885327,0.0,1.0,0.0,0.0,Tea Party,Trump
654,174742062548592,-0.438006691446209,0.0,0.0,1.0,0.0,Mic,Clinton
655,176495442402406,-0.19757584293137123,0.42857142857142855,0.0,0.5,0.07142857142857142,The Haitian American,Clinton
656,176999952314969,-1.0336631770412004,0.0,0.0,1.0,0.0,The New York Times Opinion Section,Clinton
657,179035672287016,0.5809605043568953,0.0,1.0,0.0,0.0,American News,Trump
658,180213475460766,-0.996035581233795,0.0,0.0,1.0,0.0,Liberal America,Clinton
659,180360322047243,-1.9635583140968496,0.0,0.0,1.0,0.0,Occupy Healthcare,Clinton
660,181961455147909,0.2934879250882477,0.14285714285714285,0.35714285714285715,0.14285714285714285,0.35714285714285715,WikiLeaks Updates,Trump
661,182443691771352,-0.15803476130057964,0.35714285714285715,0.0,0.07142857142857142,0.5714285714285714,GMO Dangers,Johnson
662,183356311699411,0.8238496170058179,0.21428571428571427,0.7857142857142857,0.0,0.0,Silence is Consent,Trump
663,184096565021911,-0.5869412129208634,0.0,0.0,1.0,0.0,ABC News Politics,Clinton
664,184599864915751,-0.5435731926085304,0.0,0.0,1.0,0.0,Women's Rights News,Clinton
665,184749301592842,-0.7786743285678266,0.0,0.0,1.0,0.0,Occupy Wall St.,Clinton
666,184859785026060,0.7459038219930563,0.0,1.0,0.0,0.0,Faith Family America,Trump
667,186219261412563,-0.78459694101479,0.0,0.0,1.0,0.0,US Uncut,Clinton
668,186473214703370,-1.415423385543187,0.0,0.0,1.0,0.0,PoliticusUSA,Clinton
669,187516444593639,-0.364338115838177,0.35714285714285715,0.0,0.5714285714285714,0.07142857142857142,TVLine,Clinton
670,188269334547151,0.7893255702474383,0.0,1.0,0.0,0.0,Prophecy in the News,Trump
671,190450387631723,-0.086401092192663,0.5714285714285714,0.0,0.35714285714285715,0.07142857142857142,Stevie Nicks,Other
672,190759221080032,-0.1926623405213839,0.42857142857142855,0.0,0.35714285714285715,0.21428571428571427,Anonymous,Other
673,192518057471204,-1.5763248484520889,0.0,0.0,1.0,0.0,Anti-Republican Crusaders,Clinton
674,193062840830669,-2.1046904804262923,0.0,0.0,1.0,0.0,Liberal Licious,Clinton
675,193562797359225,1.180047232428359,0.0,1.0,0.0,0.0,I will NOT vote for Obama in 2012.,Trump
676,195021667212814,-0.18528635933513013,0.7857142857142857,0.0,0.07142857142857142,0.14285714285714285,KTLA 5 Morning News,Other
677,195768000454891,2.220106215193453,0.0,1.0,0.0,0.0,Raising Red,Trump
678,196601040368145,-1.4361854507041585,0.0,0.0,1.0,0.0,I Acknowledge Class Warfare Exists,Clinton
679,197311240419563,-0.4789147087724855,0.0,0.0,1.0,0.0,Late Night with Seth Meyers,Clinton
680,197535293612901,-0.16630450923704057,0.7142857142857143,0.0,0.14285714285714285,0.14285714285714285,UberFacts,Other
681,198021666971291,1.5250821024637582,0.0,1.0,0.0,0.0,Restless Patriot,Trump
682,199098633470668,-0.037636062352944595,0.5714285714285714,0.0,0.2857142857142857,0.14285714285714285,The LAD Bible,Other
683,199732303374586,-0.05626492388607562,0.5,0.07142857142857142,0.21428571428571427,0.21428571428571427,Freaky The Scary Snowman,Other
684,199938786716036,1.9347648313231256,0.0,1.0,0.0,0.0,Personal Liberty,Trump
685,200137333331078,-1.195758336770019,0.0,0.0,1.0,0.0,ThinkProgress,Clinton
686,201361186563476,-2.071789119427351,0.0,0.0,1.0,0.0,Politics with Jarred and Dave,Clinton
687,201956993160690,1.0953156612583135,0.0,1.0,0.0,0.0,MRCTV,Trump
688,202859009728184,-0.16855221654997513,0.5,0.0,0.07142857142857142,0.42857142857142855,Choice and Truth,Other
689,203805062990264,1.1596476486669443,0.0,1.0,0.0,0.0,Ben Shapiro,Trump
690,205344452828349,-0.2673961851997828,0.0,0.0,1.0,0.0,George Takei,Clinton
691,207116912648950,2.272215863324292,0.07142857142857142,0.9285714285714286,0.0,0.0,Reince Priebus,Trump
692,207966769402324,-1.8027437661143988,0.0,0.0,1.0,0.0,Sweet Tears of Teabilly Butthurt,Clinton
693,210357995667559,-1.6596051254643347,0.0,0.0,1.0,0.0,The National Memo,Clinton
694,210732882417014,0.9070467540621436,0.0,1.0,0.0,0.0,Patriot Nation,Trump
695,211524895670316,-1.910022755171642,0.0,0.0,1.0,0.0,The Blue Book: A Directory of Progressive and Liberal Pages,Clinton
696,216709768355686,1.13571393997157,0.0,1.0,0.0,0.0,Dinesh D'Souza,Trump
697,216940628328775,1.567289704264731,0.07142857142857142,0.9285714285714286,0.0,0.0,Oliver North,Trump
698,217940775059524,0.4628861637312793,0.0,1.0,0.0,0.0,Addicted 2 Country Music,Trump
699,219195584894557,-0.0896990657967712,0.42857142857142855,0.0,0.07142857142857142,0.5,The People's Voice,Johnson
700,219367258105115,-0.3092761260513246,0.0,0.0,1.0,0.0,CNN Politics,Clinton
701,219856014723410,-0.28250375823489243,0.07142857142857142,0.0,0.9285714285714286,0.0,D.L. Hughley,Clinton
702,220198801458577,1.4602558452957446,0.0,1.0,0.0,0.0,One America News Network,Trump
703,220522928130438,0.8648858137230776,0.0,1.0,0.0,0.0,Robertson Family Values,Trump
704,221336024625241,-1.810951186793915,0.0,0.0,1.0,0.0,David's Snarky Politics Place,Clinton
705,221573484697614,0.7572704459498187,0.0,1.0,0.0,0.0,Conservative Post,Trump
706,222149727806378,1.455589029967898,0.0,1.0,0.0,0.0,Against Crony Capitalism,Trump
707,222983281133636,-0.0559587550277596,0.5,0.0,0.07142857142857142,0.42857142857142855,Illuminati Exposed (This is the resistance),Other
708,223649167822693,-0.7021204065286107,0.0,0.0,1.0,0.0,Vox,Clinton
709,224319224261399,-1.1897545223234436,0.0,0.0,1.0,0.0,Teabonics,Clinton
710,226821494115353,0.6724959166890148,0.0,1.0,0.0,0.0,Nation In Distress,Trump
711,228565633877379,1.5478244473044513,0.0,1.0,0.0,0.0,Wayne Dupree Show,Trump
712,228702593913193,1.4808017997977705,0.0,1.0,0.0,0.0,ClashDaily.com with Doug Giles,Trump
713,230537773698519,-1.268109076122393,0.0,0.0,1.0,0.0,TomDispatch,Clinton
714,231919626926856,-1.6949483073408909,0.0,0.0,1.0,0.0,Criminalize conservatism,Clinton
715,232621906875091,1.369207191144685,0.0,1.0,0.0,0.0,Guns 'n' Freedom,Trump
716,235086849974878,1.7214445225726938,0.0,1.0,0.0,0.0,Last American Patriots,Trump
717,235852889908002,-0.44786474595860065,0.0,0.0,0.9285714285714286,0.07142857142857142,VICE News,Clinton
718,236123223432862,-1.107428191121565,0.0,0.0,1.0,0.0,Bernie Or Bust The DNC,Clinton
719,236963176319804,-0.23034332087829282,0.7142857142857143,0.0,0.14285714285714285,0.14285714285714285,Did You Know,Other
720,238680483163972,1.4181096888787705,0.0,1.0,0.0,0.0,Proud To Be Conservative,Trump
721,238699792924076,-1.918727132906216,0.0,0.0,1.0,0.0,Politically Preposterous,Clinton
722,239156129595309,1.2067483890969162,0.0,1.0,0.0,0.0,Infowars Nightly News,Trump
723,240822886041144,1.375771366281826,0.0,1.0,0.0,0.0,Don't Tread On Me,Trump
724,240944029279128,-0.724909326150524,0.0,0.0,1.0,0.0,Jill Stein,Clinton
725,240984512605919,-1.430873380611146,0.0,0.0,1.0,0.0,Teanderthal Party,Clinton
726,241061082705085,-0.7755342147103051,0.0,0.0,1.0,0.0,snopes.com,Clinton
727,241711025855990,-0.1602044945773555,0.0,0.0,0.07142857142857142,0.9285714285714286,The Joe Rogan Experience Podcast,Johnson
728,243558409135842,1.2308601450385326,0.0,1.0,0.0,0.0,Hillary Clinton Sucks,Trump
729,246619938739669,-0.379767632915179,0.07142857142857142,0.0,0.8571428571428571,0.07142857142857142,Cheezburger,Clinton
730,246976735508369,0.20908135741533287,0.0,0.0,0.0,1.0,Being Libertarian,Johnson
731,249903348378912,1.41968867932875,0.0,1.0,0.0,0.0,Obama Makes Me Puke,Trump
732,251317564934798,0.5691539584407783,0.0,0.7857142857142857,0.0,0.21428571428571427,SOFREP.com,Trump
733,253546571389025,-0.9413651102544806,0.0,0.0,1.0,0.0,Bipartisan Report,Clinton
734,253683924759781,2.3071540500645833,0.0,1.0,0.0,0.0,Conservative Angle,Trump
735,253968658003230,-0.14865480844555748,0.7142857142857143,0.0,0.14285714285714285,0.14285714285714285,Worldstar Hip Hop,Other
736,254541051349349,1.2715054157577401,0.0,1.0,0.0,0.0,My Favorite Gun,Trump
737,256004367748633,-0.6969438188601706,0.0,0.0,1.0,0.0,HuffPost LatinoVoices,Clinton
738,259536274080316,-0.9873308420851856,0.0,0.0,1.0,0.0,Go Left,Clinton
739,260933440643373,-1.4699858451530763,0.0,0.0,1.0,0.0,UltraViolet,Clinton
740,263103197142872,1.3009097334019033,0.0,1.0,0.0,0.0,The Liberal Offender,Trump
741,263803127085354,-0.9502497841652281,0.0,0.0,1.0,0.0,Storm is Coming,Clinton
742,264018250293331,0.8739603016438685,0.0,1.0,0.0,0.0,Lars Larson,Trump
743,264972983556381,-0.4512052128912399,0.07142857142857142,0.0,0.9285714285714286,0.0,CBS This Morning,Clinton
744,265719336797086,-1.2583401273783006,0.0,0.0,1.0,0.0,Too Informed To Vote Republican,Clinton
745,268311603350722,-1.2621408371991447,0.0,0.0,1.0,0.0,Shareblue,Clinton
746,269626763112769,-1.1959651151775046,0.0,0.0,1.0,0.0,Rock The Slut Vote,Clinton
747,272663052744040,-0.1972212537180886,0.7142857142857143,0.0,0.14285714285714285,0.14285714285714285,Movie Pilot Scifi,Other
748,273863336077899,1.378115061840692,0.0,1.0,0.0,0.0,Doomsday Economy,Trump
749,273864989376427,-0.7468604616037241,0.0,0.0,1.0,0.0,MSNBC,Clinton
750,274793152585613,0.569409403529331,0.0,1.0,0.0,0.0,Geert Wilders supporters,Trump
751,277613075615568,-0.5225966774214027,0.2857142857142857,0.0,0.42857142857142855,0.2857142857142857,Mint Press News,Clinton
752,279933092023507,-0.028996213481031808,0.8571428571428571,0.0,0.0,0.14285714285714285,Mundo Hispánico,Other
753,280920811923248,-1.1538162433534853,0.0,0.0,1.0,0.0,PoliticsNation with Al Sharpton,Clinton
754,281849238620927,-0.17123302329925313,0.6428571428571429,0.0,0.21428571428571427,0.14285714285714285,8Shit,Other
755,282024895179874,1.7663945326847286,0.0,1.0,0.0,0.0,Washington Free Beacon,Trump
756,282658238745234,0.029658479132461,0.14285714285714285,0.14285714285714285,0.0,0.7142857142857143,Contra Culture,Johnson
757,289079127883350,1.0470389183712283,0.0,1.0,0.0,0.0,Newsiosity,Trump
758,289189664545158,1.488478294378577,0.0,1.0,0.0,0.0,Bradlee Dean,Trump
759,289741874474112,2.3726067318475605,0.0,1.0,0.0,0.0,Deneen Borelli,Trump
760,292949924146549,1.237687511421708,0.0,1.0,0.0,0.0,Stacy on the Right Show,Trump
761,295479040495545,-0.6122967765493634,0.0,0.0,1.0,0.0,This Week,Clinton
762,295732903793433,-1.0432635476640189,0.0,0.0,1.0,0.0,God Bless the President of the United States,Clinton
763,296856040436954,1.699766290504788,0.21428571428571427,0.7857142857142857,0.0,0.0,Obama is the Worst President in US History,Trump
764,297176423632270,-3.310577718173486,0.0,0.0,1.0,0.0,The Liberal Fallout Shelter,Clinton
765,300455573433044,0.3217544732263652,0.0,1.0,0.0,0.0,Britain First,Trump
766,300719666712627,-1.1761885551541924,0.0,0.0,1.0,0.0,Moms Demand Action for Gun Sense in America,Clinton
767,300857333265155,-1.6767084702609931,0.0,0.0,1.0,0.0,Right Off A Cliff,Clinton
768,302448176483395,-1.3512383838592519,0.0,0.0,1.0,0.0,UniteWomen.org,Clinton
769,302825219754295,-2.371817854338086,0.0,0.0,1.0,0.0,Las Vegas Democrat Political News,Clinton
770,303363616352436,0.7020512912639127,0.0,1.0,0.0,0.0,Yellowhammer News,Trump
771,305986132775543,1.7901431790222884,0.0,1.0,0.0,0.0,Revive America,Trump
772,307188559330028,0.6494674248173747,0.0,1.0,0.0,0.0,Cold Dead Hands,Trump
773,309127989103741,1.4227620614949514,0.0,1.0,0.0,0.0,The Five,Trump
774,309798029121030,-1.040282010060292,0.0,0.0,1.0,0.0,Everytown for Gun Safety,Clinton
775,310676529001539,-0.015601977907935197,0.8571428571428571,0.0,0.0,0.14285714285714285,Jessica Dominguez,Other
776,311190048935167,1.3945151338290882,0.0,1.0,0.0,0.0,100 Percent FED Up,Trump
777,311925502180080,-1.5198844348820868,0.0,0.0,1.0,0.0,Jesus was not a Republican.,Clinton
778,312531385450925,2.2229176262420514,0.0,1.0,0.0,0.0,The Last Great Stand,Trump
779,313774828684270,-0.7151885705669121,0.0,0.0,1.0,0.0,Tysonism,Clinton
780,316057878492825,-0.2834351188556501,0.0,0.0,1.0,0.0,MSN News,Clinton
781,316913578439861,1.4601921656629266,0.0,1.0,0.0,0.0,Abolish The IRS,Trump
782,317179665134793,-0.232383894993192,0.35714285714285715,0.0,0.6428571428571429,0.0,Jorge Ramos,Clinton
783,319569361390023,1.8057429810829528,0.0,1.0,0.0,0.0,Twitchy,Trump
784,320772408017742,-1.944177968889041,0.0,0.0,1.0,0.0,Red State Dems,Clinton
785,320840064659503,-1.4396368911735906,0.0,0.0,1.0,0.0,Newslo,Clinton
786,325524940890586,0.24078726129047692,0.0,0.0,0.0,1.0,A Libertarian Future,Johnson
787,325935647511804,1.094448069338418,0.0,1.0,0.0,0.0,Joe Walsh,Trump
788,326439917486121,-0.9112493720355895,0.0,0.0,1.0,0.0,Frank Schaeffer,Clinton
789,328853823844484,-1.0677045287589788,0.0,0.0,1.0,0.0,Hillary Clinton for President Supporters,Clinton
790,329417987110870,2.1593639900194286,0.0,1.0,0.0,0.0,Conservative Intelligence Briefing,Trump
791,330201017032791,1.095291218057092,0.0,1.0,0.0,0.0,National Liberty Federation,Trump
792,333712010138815,0.8798578182848461,0.0,1.0,0.0,0.0,Stacey Dash,Trump
793,335331839998647,1.7585638345100547,0.0,1.0,0.0,0.0,The PolitiStick,Trump
794,339226922847416,0.4513068445522385,0.0,1.0,0.0,0.0,AWM America,Trump
795,339251532832846,-1.2442133098257158,0.0,0.0,1.0,0.0,Forward,Clinton
796,340005092689907,-1.729673929182187,0.0,0.0,1.0,0.0,The Daily Banter,Clinton
797,341163402640457,-0.15101953650140884,0.35714285714285715,0.0,0.5714285714285714,0.07142857142857142,NowThis,Clinton
798,344637645551128,0.3869376726853456,0.0,0.8571428571428571,0.0,0.14285714285714285,Red Alert Politics,Trump
799,346937065399354,-0.31847917131649334,0.0,0.0,1.0,0.0,Occupy Democrats,Clinton
800,347980278556458,-1.3211099000399094,0.0,0.0,1.0,0.0,Vietnam Veterans for Obama,Clinton
801,350771908311178,1.1646467628314379,0.0,1.0,0.0,0.0,Prepare to Take America Back,Trump
802,352587308165634,1.0203508584700596,0.0,1.0,0.0,0.0,Political Correctness Gone Wild,Trump
803,353967728021064,-1.3161890856766212,0.0,0.0,1.0,0.0,Liberals Unite,Clinton
804,354263831266028,-1.053283921039723,0.0,0.0,1.0,0.0,BuzzFeed Politics,Clinton
805,354522044588660,-0.23039678915225795,0.0,0.0,1.0,0.0,Upworthy,Clinton
806,355162344610121,-1.8485372441583363,0.0,0.0,1.0,0.0,The Politburo of Teabilly Mockery,Clinton
807,357191544367570,-0.4555953147657928,0.0,0.0,1.0,0.0,Janis Ian,Clinton
808,357652214365312,1.8272537347345652,0.0,1.0,0.0,0.0,Patriot Survival,Trump
809,358801027537350,-1.7839345208382615,0.0,0.0,1.0,0.0,One Liberal's SLANT on Politics,Clinton
810,360781383974396,-1.5704526318846148,0.0,0.0,1.0,0.0,The Everlasting GOP Stoppers,Clinton
811,365084476836621,0.7901180557798383,0.0,1.0,0.0,0.0,Fox & Friends First,Trump
812,367105936678679,-0.5203150459961358,0.0,0.0,1.0,0.0,Union Thugs,Clinton
813,367271796750940,-0.5120774970836973,0.0,0.0,0.9285714285714286,0.07142857142857142,Counter Current News,Clinton
814,368004436727923,1.4740737987589891,0.0,1.0,0.0,0.0,"Donald Trump, The Political Movement",Trump
815,369527829841639,-0.9906968354554982,0.0,0.0,1.0,0.0,Groopspeak,Clinton
816,370328643059107,-1.140186681653237,0.0,0.0,1.0,0.0,1 Million Strong For Hillary Clinton in 2016,Clinton
817,370787006340754,0.0311430011349122,0.0,0.0,0.0,1.0,Gary Johnson 2016,Johnson
818,371655802904606,-1.7769060037975872,0.0,0.0,1.0,0.0,Liberal Identity,Clinton
819,380516878697366,-0.8220935091237221,0.0,0.0,1.0,0.0,Madam President,Clinton
820,382548655176036,-0.19539273629333526,0.42857142857142855,0.0,0.07142857142857142,0.5,WikiLeaksParty,Johnson
821,383594785008126,1.2450469128069754,0.0,1.0,0.0,0.0,Ann Romney Fan Site,Trump
822,388117401328419,-0.13007416886986606,0.7857142857142857,0.07142857142857142,0.0,0.14285714285714285,Mobay Tory - MBT,Other
823,389658314427637,0.7400242114097041,0.0,1.0,0.0,0.0,Right Wing News,Trump
824,390841474340132,-1.454621556936026,0.0,0.0,1.0,0.0,Elisabeth Parker,Clinton
825,392195624197755,-2.54281486217642,0.0,0.0,1.0,0.0,The Party of Scrooge - History of American Politics,Clinton
826,395952163902381,-1.2946048367804293,0.0,0.0,1.0,0.0,Hillary HQ,Clinton
827,396523657071573,2.6899007406815683,0.14285714285714285,0.8571428571428571,0.0,0.0,Christians Against Electing Leftists,Trump
828,398926776798256,-0.5377718394098147,0.0,0.0,1.0,0.0,Above Average,Clinton
829,405679386265498,1.611861487826786,0.0,1.0,0.0,0.0,The Jefferson Newsletter,Trump
830,407570359384477,-0.23811743922180287,0.21428571428571427,0.0,0.7142857142857143,0.07142857142857142,AJ+,Clinton
831,407577195956039,2.035394903955393,0.0,1.0,0.0,0.0,America Needs a Truthful president,Trump
832,409080845829193,2.1191321747025595,0.0,1.0,0.0,0.0,Draft Judge Andrew Napolitano for President,Trump
833,413605605357873,1.3783981449032034,0.0,1.0,0.0,0.0,The New Republic of Texas,Trump
834,414280728767306,1.3989131669385542,0.0,1.0,0.0,0.0,Right Side Broadcasting,Trump
835,415494541850521,-1.4458141951709746,0.0,0.0,1.0,0.0,Kimberley A. Johnson,Clinton
836,417576561609357,0.30084317483089856,0.0,0.21428571428571427,0.0,0.7857142857142857,Awesome Sh*t My Drill Sergeant Said,Johnson
837,419846804712840,0.5228427064733595,0.0,1.0,0.0,0.0,Molon Labe Industries,Trump
838,420776631313347,-1.3688631452709965,0.0,0.0,1.0,0.0,The 47ers,Clinton
839,423006854503882,0.38512870433253527,0.0,1.0,0.0,0.0,Milo Yiannopoulos,Trump
840,424717587573142,-0.24385504855221105,0.7142857142857143,0.0,0.07142857142857142,0.21428571428571427,Bardock Obama,Other
841,425390150874429,1.2566850202525066,0.0,1.0,0.0,0.0,Sean Brown,Trump
842,429101477109798,-1.423028080627637,0.0,0.0,1.0,0.0,Meme GOP,Clinton
843,437674196342052,1.1714028177009597,0.0,1.0,0.0,0.0,We the People,Trump
844,438956182828623,-1.4765276700706982,0.0,0.0,1.0,0.0,The Rachel Maddow Fan Page.,Clinton
845,440106476051475,1.0260701790681088,0.0,1.0,0.0,0.0,Freedom Daily,Trump
846,440522575997388,1.953520484309865,0.0,1.0,0.0,0.0,The D.C. Clothesline,Trump
847,442430012490396,-0.2050108923651726,0.5714285714285714,0.2857142857142857,0.14285714285714285,0.0,Circa,Other
848,443476065755081,0.3592433831585628,0.0,1.0,0.0,0.0,Joshua Feuerstein,Trump
849,444258668967650,-1.0306308282489733,0.0,0.0,1.0,0.0,Hillary Clinton 2016,Clinton
850,444654488901592,-0.4578097767148546,0.07142857142857142,0.0,0.9285714285714286,0.0,Quartz,Clinton
851,445954212128295,-1.64381794160771,0.07142857142857142,0.0,0.9285714285714286,0.0,Democrats Driving Forward to Victory,Clinton
852,451075468389015,1.0011814980249132,0.0,1.0,0.0,0.0,Donald Trump For President,Trump
853,451151401602780,0.6732221138906611,0.0,1.0,0.0,0.0,The Alex Jones Channel,Trump
854,456740217686384,-0.7115692425909417,0.0,0.0,1.0,0.0,Guardian US,Clinton
855,460197020720819,2.28016580217325,0.0,1.0,0.0,0.0,The Right Scoop,Trump
856,463855417049923,1.3128243653276306,0.0,1.0,0.0,0.0,Dc Gazette,Trump
857,467133963318685,1.1864831434786436,0.0,1.0,0.0,0.0,TPNN,Trump
858,467499760010724,-0.6693615009900082,0.0,0.0,1.0,0.0,Going to Hell in Every Religion,Clinton
859,468285376597666,-0.1970361440282997,0.7142857142857143,0.0,0.14285714285714285,0.14285714285714285,All Def Digital,Other
860,472422969486331,-1.8338470446500306,0.0,0.0,1.0,0.0,Armed Democrats,Clinton
861,475025662553385,-1.8599321323934246,0.0,0.0,1.0,0.0,Snarky Democrat,Clinton
862,475549362567960,1.2877704898835989,0.0,1.0,0.0,0.0,Conservative Review,Trump
863,475763235822198,-0.5247212941017703,0.14285714285714285,0.0,0.7857142857142857,0.07142857142857142,New Day,Clinton
864,479681268841947,-0.591686119615442,0.0,0.0,0.8571428571428571,0.14285714285714285,teleSUR English,Clinton
865,479687202044787,-0.9004640521464001,0.0,0.0,1.0,0.0,DeadState,Clinton
866,486474041433960,0.9362228201598201,0.0,1.0,0.0,0.0,Rowdy Republican,Trump
867,492037610911691,1.533694465933277,0.0,1.0,0.0,0.0,Angry American Patriots,Trump
868,495539003867549,-0.8235630703362274,0.0,0.0,1.0,0.0,Brian Sims,Clinton
869,496932476988091,1.4924559431492006,0.0,1.0,0.0,0.0,Lock N' Load With Lindsay,Trump
870,513600888679373,1.2193402886120468,0.0,1.0,0.0,0.0,Dennis Michael Lynch,Trump
871,513813158657249,0.7562218262469315,0.0,1.0,0.0,0.0,Mad World News,Trump
872,516676641828189,-0.5839087986995322,0.35714285714285715,0.0,0.6428571428571429,0.0,Hillary Clinton in 2016,Clinton
873,516686618407950,-1.8850299334555343,0.0,0.0,1.0,0.0,The Smart Arse Liberal,Clinton
874,519305544814653,0.7899115349123241,0.0,1.0,0.0,0.0,Conservative Tribune,Trump
875,521878704532086,1.7016281688568011,0.0,1.0,0.0,0.0,Start Impeachment Now,Trump
876,523943624350521,1.074478599274801,0.0,1.0,0.0,0.0,The voice of the people,Trump
877,528930603826623,-0.11524858229816252,0.6428571428571429,0.0,0.21428571428571427,0.14285714285714285,Game Of Laughs,Other
878,529525930430284,0.9929787958502173,0.0,1.0,0.0,0.0,Your Nation,Trump
879,531120203583969,1.5114268971624334,0.0,1.0,0.0,0.0,I did NOT vote for Obama.,Trump
880,532854420074062,0.49214878185824357,0.0,1.0,0.0,0.0,Faves USA,Trump
881,534770146604344,-0.6782171027834779,0.21428571428571427,0.0,0.7857142857142857,0.0,@midnight,Clinton
882,539753402762439,0.6023826904286531,0.0,1.0,0.0,0.0,Rednecks Unlimited,Trump
883,545775132233909,-0.9184047082460224,0.0,0.0,1.0,0.0,The Late Show with Stephen Colbert,Clinton
884,551987771496911,-1.470532993613593,0.0,0.0,1.0,0.0,Forward Progressives,Clinton
885,554069604681993,0.016868285895828502,0.8571428571428571,0.0,0.0,0.14285714285714285,"El Bueno, La Mala, y El Feo",Other
886,554097581296943,-1.35976482894494,0.0,0.0,1.0,0.0,Manny Schewitz,Clinton
887,554682674553388,-1.5981439277340839,0.0,0.0,1.0,0.0,The Witty Liberal,Clinton
888,561591777188116,0.3000482862814691,0.0,0.0,0.0,1.0,Ron Paul Institute for Peace and Prosperity,Johnson
889,562351880441856,-0.8440103779681477,0.0,0.0,1.0,0.0,The Lead with Jake Tapper,Clinton
890,568888089890063,-1.704989081986234,0.0,0.0,1.0,0.0,"The Good, the Chad, & the Ugly",Clinton
891,568982666502934,1.1025204679204141,0.0,1.0,0.0,0.0,America's Freedom Fighters,Trump
892,569132726495630,1.9070641997467301,0.0,1.0,0.0,0.0,Stop Obamacare,Trump
893,570092813023833,0.4319689021917548,0.0,1.0,0.0,0.0,Matt Walsh,Trump
894,574747565911344,1.591567127767774,0.0,1.0,0.0,0.0,Truth And Action,Trump
895,585201591501053,-0.14222138056801611,0.5,0.0,0.07142857142857142,0.42857142857142855,Anonymous The World is Ours,Other
896,591402597574018,0.9271246190092892,0.0,1.0,0.0,0.0,Tell Me Now,Trump
897,596635807026540,1.3117707136275771,0.0,1.0,0.0,0.0,Stop Hillary In 2016,Trump
898,598356233569407,-1.5184264379922314,0.0,0.0,1.0,0.0,AM Joy on MSNBC,Clinton
899,599617463415786,2.5774081370296207,0.0,1.0,0.0,0.0,Conservative Infidel,Trump
900,610045389164725,-0.8565757791257015,0.0,0.0,1.0,0.0,Liberal Daily,Clinton
901,618786471475708,-0.4037602841820714,0.07142857142857142,0.0,0.8571428571428571,0.07142857142857142,BuzzFeed News,Clinton
902,619459291436461,-0.7186342393797461,0.0,0.0,1.0,0.0,The Intercept,Clinton
903,620332914649716,-1.2142510803184459,0.0,0.0,1.0,0.0,Conservatives Are Destroying Our Future,Clinton
904,630067593722141,1.0882800400036725,0.0,1.0,0.0,0.0,The 2016 Committee,Trump
905,644891892279936,1.1344661687612148,0.0,1.0,0.0,0.0,End The Fed,Trump
906,660810660646898,1.048456264590236,0.0,1.0,0.0,0.0,Ted Cruz For President 2020,Trump
907,687958677914631,-1.1045234923697222,0.0,0.0,1.0,0.0,FiveThirtyEight,Clinton
908,689907071131476,-1.2021098040928118,0.0,0.0,1.0,0.0,The New York Times Politics and Washington,Clinton
909,695526053890545,1.4228623704402543,0.0,1.0,0.0,0.0,Ann Coulter,Trump
910,702815073143116,1.9141894284728582,0.0,1.0,0.0,0.0,Rebirth of Freedom,Trump
911,714016298647274,0.0059178492883932,0.42857142857142855,0.0,0.07142857142857142,0.5,Russia Truth,Johnson
912,721683147909323,0.8510730705196342,0.0,1.0,0.0,0.0,The New Resistance,Trump
913,731244080298286,-1.0232351491421754,0.0,0.0,1.0,0.0,Reverb Press,Clinton
914,731743396857610,-0.15885907620522358,0.6428571428571429,0.0,0.21428571428571427,0.14285714285714285,Mediatakeout,Other
915,737151126362683,1.3312077216083638,0.0,1.0,0.0,0.0,American Military News,Trump
916,745995528781548,-0.17038212021294113,0.7142857142857143,0.0,0.14285714285714285,0.14285714285714285,Marvel Universe,Other
917,747113272076027,-1.1127281378691465,0.0,0.0,1.0,0.0,Hillary for America,Clinton
918,747754388695524,-1.0324387871643952,0.0,0.0,1.0,0.0,Bernie Sanders' Revolution,Clinton
919,751413538254047,2.034857623146781,0.0,1.0,0.0,0.0,America is RIGHT,Trump
920,753542244699109,1.2988250388222737,0.07142857142857142,0.9285714285714286,0.0,0.0,Kennedy,Trump
921,754734577940325,0.20986930026200137,0.0,0.2857142857142857,0.0,0.7142857142857143,Disdain for Plebs,Johnson
922,762592150466931,-1.2277930965671209,0.0,0.0,1.0,0.0,If You Only News,Clinton
923,765017020180136,-1.2183354401626565,0.0,0.0,1.0,0.0,Hillary Clinton 2016,Clinton
924,769354053132340,1.723961771551792,0.0,1.0,0.0,0.0,American Patriot Daily News Network,Trump
925,791373644322801,0.21198727843352924,0.0,0.42857142857142855,0.0,0.5714285714285714,God Emperor Trump,Johnson
926,799539910084929,-0.5257466871745404,0.0,0.0,1.0,0.0,Shaun King,Clinton
927,811531288908785,1.105103362050199,0.0,1.0,0.0,0.0,Daily Headlines,Trump
928,815662028528813,-0.4828936075397445,0.5,0.0,0.42857142857142855,0.07142857142857142,The Peak,Other
929,834027803299371,0.7559113505557012,0.0,1.0,0.0,0.0,CJ Pearson,Trump
930,868219436604578,0.4604576341222239,0.0,1.0,0.0,0.0,Tomi Lahren,Trump
931,879307625456770,-1.9040959933098487,0.0,0.0,1.0,0.0,Daily News Bin,Clinton
932,889307941125736,-0.3243142546451051,0.0,0.0,1.0,0.0,Hillary Clinton,Clinton
933,891358407543844,-0.026037358835379793,0.35714285714285715,0.0,0.07142857142857142,0.5714285714285714,MassReport,Johnson
934,895688690505840,-1.2583966974875496,0.0,0.0,1.0,0.0,Moderates For Bernie,Clinton
935,908009612563863,-0.4227359653072496,0.0,0.0,1.0,0.0,NowThis Election,Clinton
936,909664125750328,1.3710130663587525,0.0,1.0,0.0,0.0,Pissed Off Patriots,Trump
937,916640865034057,1.2815963566140705,0.0,1.0,0.0,0.0,Being Libtarded,Trump
938,963333907038551,0.4574974063201456,0.21428571428571427,0.2857142857142857,0.0,0.5,TruthKings,Johnson
939,979613892126968,-0.8299472817721513,0.21428571428571427,0.0,0.7857142857142857,0.0,Proud Liberals,Clinton
940,997108126967413,-0.06223312193035448,0.5714285714285714,0.0,0.07142857142857142,0.35714285714285715,Anonymous,Other
941,1425604894326440,-0.11730243447663662,0.35714285714285715,0.0,0.14285714285714285,0.5,The Free Thought Project,Johnson
942,1439042583002670,-0.40847411668900807,0.0,0.0,1.0,0.0,ClickHole,Clinton
943,1565918810345070,-1.0930824591832824,0.0,0.0,1.0,0.0,Lucid Nation,Clinton
944,1595723550651430,1.7991789072410673,0.35714285714285715,0.6428571428571429,0.0,0.0,Free Patriot Post,Trump
